<?xml version='1.0' encoding='UTF-8' standalone='no'?>
<doxygen xmlns:xsi="http://www.w3.org/2001/XMLSchema-instance" xsi:noNamespaceSchemaLocation="compound.xsd" version="1.8.17">
  <compounddef id="_c_make_lists_8txt" kind="file" language="C++">
    <compoundname>CMakeLists.txt</compoundname>
    <briefdescription>
    </briefdescription>
    <detaileddescription>
    </detaileddescription>
    <programlisting>
<codeline lineno="1"><highlight class="normal">cmake_minimum_required(VERSION<sp/>3.15)</highlight></codeline>
<codeline lineno="2"><highlight class="normal">project(Trab_de_Li_2<sp/>C)</highlight></codeline>
<codeline lineno="3"><highlight class="normal"></highlight></codeline>
<codeline lineno="4"><highlight class="normal">set(CMAKE_C_STANDARD<sp/>99)</highlight></codeline>
<codeline lineno="5"><highlight class="normal"></highlight></codeline>
<codeline lineno="6"><highlight class="normal">add_executable(Trab_de_Li_2<sp/><ref refid="main_8c_1ae66f6b31b5ad750f1fe042a706a4e3d4" kindref="member">main</ref>.c<sp/>cmake-build-debug/Interface.c<sp/>cmake-build-debug/Interface.h<sp/>cmake-build-debug/Dados.c<sp/>cmake-build-debug/Dados.h<sp/>cmake-build-debug/Logica.c<sp/>cmake-build-debug/Logica.h<sp/>cmake-build-debug/Listas.c<sp/>cmake-build-debug/Listas.h)</highlight></codeline>
    </programlisting>
    <location file="Trab de Li 2 ATUAL/CMakeLists.txt"/>
  </compounddef>
</doxygen>
