<?xml version='1.0' encoding='UTF-8' standalone='no'?>
<doxygen xmlns:xsi="http://www.w3.org/2001/XMLSchema-instance" xsi:noNamespaceSchemaLocation="compound.xsd" version="1.8.17">
  <compounddef id="_dados_8c" kind="file" language="C++">
    <compoundname>Dados.c</compoundname>
    <includes refid="_dados_8h" local="yes">Dados.h</includes>
    <includes local="no">stdlib.h</includes>
    <incdepgraph>
      <node id="1">
        <label>Trab de Li 2 ATUAL/Dados.c</label>
        <link refid="_dados_8c"/>
        <childnode refid="2" relation="include">
        </childnode>
        <childnode refid="3" relation="include">
        </childnode>
      </node>
      <node id="2">
        <label>Dados.h</label>
        <link refid="_dados_8h"/>
      </node>
      <node id="3">
        <label>stdlib.h</label>
      </node>
    </incdepgraph>
      <sectiondef kind="func">
      <memberdef kind="function" id="_dados_8c_1a7e0c7e26fb685d9ab501e19b05e6954f" prot="public" static="no" const="no" explicit="no" inline="no" virt="non-virtual">
        <type><ref refid="struct_e_s_t_a_d_o" kindref="compound">ESTADO</ref> *</type>
        <definition>ESTADO* inicializar_estado</definition>
        <argsstring>()</argsstring>
        <name>inicializar_estado</name>
        <briefdescription>
<para>Esta função inicia o tabuleiro. </para>
        </briefdescription>
        <detaileddescription>
        </detaileddescription>
        <inbodydescription>
        </inbodydescription>
        <location file="Trab de Li 2 ATUAL/Dados.c" line="5" column="8" bodyfile="Trab de Li 2 ATUAL/Dados.c" bodystart="5" bodyend="32"/>
      </memberdef>
      <memberdef kind="function" id="_dados_8c_1a9f0dd79778fc7f41098b93a1e29bdcb9" prot="public" static="no" const="no" explicit="no" inline="no" virt="non-virtual">
        <type>char</type>
        <definition>char conv_c</definition>
        <argsstring>(int col)</argsstring>
        <name>conv_c</name>
        <param>
          <type>int</type>
          <declname>col</declname>
        </param>
        <briefdescription>
<para>Converte um inteiro em um char que representa uma coluna. </para>
        </briefdescription>
        <detaileddescription>
<para><parameterlist kind="param"><parameteritem>
<parameternamelist>
<parametername>col</parametername>
</parameternamelist>
<parameterdescription>
<para>É um inteiro a ser convertido. </para>
</parameterdescription>
</parameteritem>
</parameterlist>
<simplesect kind="return"><para>retorna o char correspondente a coluna </para>
</simplesect>
</para>
        </detaileddescription>
        <inbodydescription>
        </inbodydescription>
        <location file="Trab de Li 2 ATUAL/Dados.c" line="34" column="6" bodyfile="Trab de Li 2 ATUAL/Dados.c" bodystart="34" bodyend="38"/>
      </memberdef>
      <memberdef kind="function" id="_dados_8c_1acb70dbd3905a451c8d815addb17b9c3a" prot="public" static="no" const="no" explicit="no" inline="no" virt="non-virtual">
        <type>char</type>
        <definition>char conv_l</definition>
        <argsstring>(int lin)</argsstring>
        <name>conv_l</name>
        <param>
          <type>int</type>
          <declname>lin</declname>
        </param>
        <briefdescription>
<para>Converte um inteiro em um char que representa uma linha. </para>
        </briefdescription>
        <detaileddescription>
<para><parameterlist kind="param"><parameteritem>
<parameternamelist>
<parametername>lin</parametername>
</parameternamelist>
<parameterdescription>
<para>É um inteiro a ser convertido </para>
</parameterdescription>
</parameteritem>
</parameterlist>
<simplesect kind="return"><para>retorna o char correspondente a linha </para>
</simplesect>
</para>
        </detaileddescription>
        <inbodydescription>
        </inbodydescription>
        <location file="Trab de Li 2 ATUAL/Dados.c" line="40" column="6" bodyfile="Trab de Li 2 ATUAL/Dados.c" bodystart="40" bodyend="44"/>
      </memberdef>
      <memberdef kind="function" id="_dados_8c_1ad6e326e4ffa57ca1ae0c75377ecefc8c" prot="public" static="no" const="no" explicit="no" inline="no" virt="non-virtual">
        <type>int</type>
        <definition>int obter_jogador_atual</definition>
        <argsstring>(ESTADO *estado)</argsstring>
        <name>obter_jogador_atual</name>
        <param>
          <type><ref refid="struct_e_s_t_a_d_o" kindref="compound">ESTADO</ref> *</type>
          <declname>estado</declname>
        </param>
        <briefdescription>
<para>Esta função obtém o jogador que está a jogar. </para>
        </briefdescription>
        <detaileddescription>
<para><parameterlist kind="param"><parameteritem>
<parameternamelist>
<parametername>estado</parametername>
</parameternamelist>
<parameterdescription>
<para>É o estado atual do jogo. </para>
</parameterdescription>
</parameteritem>
</parameterlist>
<simplesect kind="return"><para>Retorna o jogador atual. </para>
</simplesect>
</para>
        </detaileddescription>
        <inbodydescription>
        </inbodydescription>
        <location file="Trab de Li 2 ATUAL/Dados.c" line="46" column="5" bodyfile="Trab de Li 2 ATUAL/Dados.c" bodystart="46" bodyend="50"/>
      </memberdef>
      <memberdef kind="function" id="_dados_8c_1a6cd0b387bdee9e18003c78852394aa63" prot="public" static="no" const="no" explicit="no" inline="no" virt="non-virtual">
        <type>int</type>
        <definition>int obter_numero_de_jogadas</definition>
        <argsstring>(ESTADO *estado)</argsstring>
        <name>obter_numero_de_jogadas</name>
        <param>
          <type><ref refid="struct_e_s_t_a_d_o" kindref="compound">ESTADO</ref> *</type>
          <declname>estado</declname>
        </param>
        <briefdescription>
<para>Esta função obtém o número de jogadas realizadas. </para>
        </briefdescription>
        <detaileddescription>
<para><parameterlist kind="param"><parameteritem>
<parameternamelist>
<parametername>estado</parametername>
</parameternamelist>
<parameterdescription>
<para>É o estado atual do jogo. </para>
</parameterdescription>
</parameteritem>
</parameterlist>
<simplesect kind="return"><para>retorna o numero de jogadas. </para>
</simplesect>
</para>
        </detaileddescription>
        <inbodydescription>
        </inbodydescription>
        <location file="Trab de Li 2 ATUAL/Dados.c" line="52" column="5" bodyfile="Trab de Li 2 ATUAL/Dados.c" bodystart="52" bodyend="56"/>
      </memberdef>
      <memberdef kind="function" id="_dados_8c_1aaa1ed229d1bbebe93de9f27d13e4bfc2" prot="public" static="no" const="no" explicit="no" inline="no" virt="non-virtual">
        <type><ref refid="_dados_8h_1aba91601f16d4c485b2d9b8c429f27039" kindref="member">CASA</ref></type>
        <definition>CASA obter_casa</definition>
        <argsstring>(ESTADO *e, int y, int x)</argsstring>
        <name>obter_casa</name>
        <param>
          <type><ref refid="struct_e_s_t_a_d_o" kindref="compound">ESTADO</ref> *</type>
          <declname>e</declname>
        </param>
        <param>
          <type>int</type>
          <declname>y</declname>
        </param>
        <param>
          <type>int</type>
          <declname>x</declname>
        </param>
        <briefdescription>
<para>Esta função obtém a casa associada a uma linha e uma coluna. </para>
        </briefdescription>
        <detaileddescription>
<para><parameterlist kind="param"><parameteritem>
<parameternamelist>
<parametername>e</parametername>
</parameternamelist>
<parameterdescription>
<para>é o estado </para>
</parameterdescription>
</parameteritem>
<parameteritem>
<parameternamelist>
<parametername>y</parametername>
</parameternamelist>
<parameterdescription>
<para>é uma linha </para>
</parameterdescription>
</parameteritem>
<parameteritem>
<parameternamelist>
<parametername>x</parametername>
</parameternamelist>
<parameterdescription>
<para>é uma coluna </para>
</parameterdescription>
</parameteritem>
</parameterlist>
<simplesect kind="return"><para>retorna a casa </para>
</simplesect>
</para>
        </detaileddescription>
        <inbodydescription>
        </inbodydescription>
        <location file="Trab de Li 2 ATUAL/Dados.c" line="58" column="6" bodyfile="Trab de Li 2 ATUAL/Dados.c" bodystart="58" bodyend="60"/>
      </memberdef>
      <memberdef kind="function" id="_dados_8c_1a193d8b430c7cdf263d03e2d557e0ebeb" prot="public" static="no" const="no" explicit="no" inline="no" virt="non-virtual">
        <type>int</type>
        <definition>int obter_coluna</definition>
        <argsstring>(ESTADO *e, int player, int jogada)</argsstring>
        <name>obter_coluna</name>
        <param>
          <type><ref refid="struct_e_s_t_a_d_o" kindref="compound">ESTADO</ref> *</type>
          <declname>e</declname>
        </param>
        <param>
          <type>int</type>
          <declname>player</declname>
        </param>
        <param>
          <type>int</type>
          <declname>jogada</declname>
        </param>
        <briefdescription>
<para>Esta função obtém a coluna associada com uma jogada e um jogador. </para>
        </briefdescription>
        <detaileddescription>
<para><parameterlist kind="param"><parameteritem>
<parameternamelist>
<parametername>e</parametername>
</parameternamelist>
<parameterdescription>
<para>É o estado atual </para>
</parameterdescription>
</parameteritem>
<parameteritem>
<parameternamelist>
<parametername>player</parametername>
</parameternamelist>
<parameterdescription>
<para>É o jogador em questao </para>
</parameterdescription>
</parameteritem>
<parameteritem>
<parameternamelist>
<parametername>jogada</parametername>
</parameternamelist>
<parameterdescription>
<para>É a jogada em questao </para>
</parameterdescription>
</parameteritem>
</parameterlist>
<simplesect kind="return"><para>Vai retornar a coluna associada a jogada do jogador em questao </para>
</simplesect>
</para>
        </detaileddescription>
        <inbodydescription>
        </inbodydescription>
        <location file="Trab de Li 2 ATUAL/Dados.c" line="62" column="5" bodyfile="Trab de Li 2 ATUAL/Dados.c" bodystart="62" bodyend="67"/>
      </memberdef>
      <memberdef kind="function" id="_dados_8c_1aa5d95d7b98978570b798964a3de01d24" prot="public" static="no" const="no" explicit="no" inline="no" virt="non-virtual">
        <type>int</type>
        <definition>int obter_linha</definition>
        <argsstring>(ESTADO *e, int player, int jogada)</argsstring>
        <name>obter_linha</name>
        <param>
          <type><ref refid="struct_e_s_t_a_d_o" kindref="compound">ESTADO</ref> *</type>
          <declname>e</declname>
        </param>
        <param>
          <type>int</type>
          <declname>player</declname>
        </param>
        <param>
          <type>int</type>
          <declname>jogada</declname>
        </param>
        <briefdescription>
<para>Esta função obtém a linha associada com uma jogada e um jogador. </para>
        </briefdescription>
        <detaileddescription>
<para><parameterlist kind="param"><parameteritem>
<parameternamelist>
<parametername>e</parametername>
</parameternamelist>
<parameterdescription>
<para>É o estado atual </para>
</parameterdescription>
</parameteritem>
<parameteritem>
<parameternamelist>
<parametername>player</parametername>
</parameternamelist>
<parameterdescription>
<para>É o jogador em questao </para>
</parameterdescription>
</parameteritem>
<parameteritem>
<parameternamelist>
<parametername>jogada</parametername>
</parameternamelist>
<parameterdescription>
<para>É a jogada em questao </para>
</parameterdescription>
</parameteritem>
</parameterlist>
<simplesect kind="return"><para>Vai retornar a linha associada a jogada do jogador em questao. </para>
</simplesect>
</para>
        </detaileddescription>
        <inbodydescription>
        </inbodydescription>
        <location file="Trab de Li 2 ATUAL/Dados.c" line="69" column="5" bodyfile="Trab de Li 2 ATUAL/Dados.c" bodystart="69" bodyend="74"/>
      </memberdef>
      <memberdef kind="function" id="_dados_8c_1a7404297692d7f4b41adc3aaeb879a3b6" prot="public" static="no" const="no" explicit="no" inline="no" virt="non-virtual">
        <type>int</type>
        <definition>int obter_coluna_ult</definition>
        <argsstring>(ESTADO *e)</argsstring>
        <name>obter_coluna_ult</name>
        <param>
          <type><ref refid="struct_e_s_t_a_d_o" kindref="compound">ESTADO</ref> *</type>
          <declname>e</declname>
        </param>
        <briefdescription>
<para>Esta função obtém a coluna associada à ultima jogada. </para>
        </briefdescription>
        <detaileddescription>
<para><parameterlist kind="param"><parameteritem>
<parameternamelist>
<parametername>e</parametername>
</parameternamelist>
<parameterdescription>
<para>É o estado atual </para>
</parameterdescription>
</parameteritem>
</parameterlist>
<simplesect kind="return"><para>Retorna a coluna da ultima jogada </para>
</simplesect>
</para>
        </detaileddescription>
        <inbodydescription>
        </inbodydescription>
        <location file="Trab de Li 2 ATUAL/Dados.c" line="76" column="5" bodyfile="Trab de Li 2 ATUAL/Dados.c" bodystart="76" bodyend="78"/>
      </memberdef>
      <memberdef kind="function" id="_dados_8c_1a9c353ba627e6e10a25e2c44f0fa10d25" prot="public" static="no" const="no" explicit="no" inline="no" virt="non-virtual">
        <type>int</type>
        <definition>int obter_linha_ult</definition>
        <argsstring>(ESTADO *e)</argsstring>
        <name>obter_linha_ult</name>
        <param>
          <type><ref refid="struct_e_s_t_a_d_o" kindref="compound">ESTADO</ref> *</type>
          <declname>e</declname>
        </param>
        <briefdescription>
<para>Esta função obtém a linha associada à ultima jogada. </para>
        </briefdescription>
        <detaileddescription>
<para><parameterlist kind="param"><parameteritem>
<parameternamelist>
<parametername>e</parametername>
</parameternamelist>
<parameterdescription>
<para>É o estado atual </para>
</parameterdescription>
</parameteritem>
</parameterlist>
<simplesect kind="return"><para>Retorna a linha da ultima jogada </para>
</simplesect>
</para>
        </detaileddescription>
        <inbodydescription>
        </inbodydescription>
        <location file="Trab de Li 2 ATUAL/Dados.c" line="79" column="5" bodyfile="Trab de Li 2 ATUAL/Dados.c" bodystart="79" bodyend="81"/>
      </memberdef>
      <memberdef kind="function" id="_dados_8c_1a85df295fb7724429b9e97b13b5e70878" prot="public" static="no" const="no" explicit="no" inline="no" virt="non-virtual">
        <type><ref refid="struct_c_o_o_r_d_e_n_a_d_a" kindref="compound">COORDENADA</ref></type>
        <definition>COORDENADA obter_coord_ult</definition>
        <argsstring>(ESTADO *e)</argsstring>
        <name>obter_coord_ult</name>
        <param>
          <type><ref refid="struct_e_s_t_a_d_o" kindref="compound">ESTADO</ref> *</type>
          <declname>e</declname>
        </param>
        <briefdescription>
<para>Esta função obtém a coordenada associada à ultima jogada. </para>
        </briefdescription>
        <detaileddescription>
<para><parameterlist kind="param"><parameteritem>
<parameternamelist>
<parametername>e</parametername>
</parameternamelist>
<parameterdescription>
<para>É o estado atual </para>
</parameterdescription>
</parameteritem>
</parameterlist>
<simplesect kind="return"><para>Retorna a ultima coordenada </para>
</simplesect>
</para>
        </detaileddescription>
        <inbodydescription>
        </inbodydescription>
        <location file="Trab de Li 2 ATUAL/Dados.c" line="83" column="12" bodyfile="Trab de Li 2 ATUAL/Dados.c" bodystart="83" bodyend="85"/>
      </memberdef>
      <memberdef kind="function" id="_dados_8c_1ab1b2be1dd101f241a26150451354266a" prot="public" static="no" const="no" explicit="no" inline="no" virt="non-virtual">
        <type><ref refid="struct_c_o_o_r_d_e_n_a_d_a" kindref="compound">COORDENADA</ref></type>
        <definition>COORDENADA obter_coord</definition>
        <argsstring>(ESTADO *e, int player, int jogada)</argsstring>
        <name>obter_coord</name>
        <param>
          <type><ref refid="struct_e_s_t_a_d_o" kindref="compound">ESTADO</ref> *</type>
          <declname>e</declname>
        </param>
        <param>
          <type>int</type>
          <declname>player</declname>
        </param>
        <param>
          <type>int</type>
          <declname>jogada</declname>
        </param>
        <briefdescription>
<para>Esta função obtém a coordenada associada com uma jogada e um jogador. </para>
        </briefdescription>
        <detaileddescription>
<para><parameterlist kind="param"><parameteritem>
<parameternamelist>
<parametername>e</parametername>
</parameternamelist>
<parameterdescription>
<para>É o estado atual </para>
</parameterdescription>
</parameteritem>
<parameteritem>
<parameternamelist>
<parametername>player</parametername>
</parameternamelist>
<parameterdescription>
<para>É o jogador em questao </para>
</parameterdescription>
</parameteritem>
<parameteritem>
<parameternamelist>
<parametername>jogada</parametername>
</parameternamelist>
<parameterdescription>
<para>É a jogada em questao </para>
</parameterdescription>
</parameteritem>
</parameterlist>
<simplesect kind="return"><para>Retorna a coordenada associada ao jogador e a jogada. </para>
</simplesect>
</para>
        </detaileddescription>
        <inbodydescription>
        </inbodydescription>
        <location file="Trab de Li 2 ATUAL/Dados.c" line="87" column="12" bodyfile="Trab de Li 2 ATUAL/Dados.c" bodystart="87" bodyend="92"/>
      </memberdef>
      <memberdef kind="function" id="_dados_8c_1a4485783336588338b42f5ec04dea2a44" prot="public" static="no" const="no" explicit="no" inline="no" virt="non-virtual">
        <type><ref refid="struct_j_o_g_a_d_a" kindref="compound">JOGADA</ref></type>
        <definition>JOGADA obter_jogadas</definition>
        <argsstring>(ESTADO *e, int n)</argsstring>
        <name>obter_jogadas</name>
        <param>
          <type><ref refid="struct_e_s_t_a_d_o" kindref="compound">ESTADO</ref> *</type>
          <declname>e</declname>
        </param>
        <param>
          <type>int</type>
          <declname>n</declname>
        </param>
        <briefdescription>
<para>Obtém a jogada &quot;n&quot;. </para>
        </briefdescription>
        <detaileddescription>
<para><parameterlist kind="param"><parameteritem>
<parameternamelist>
<parametername>e</parametername>
</parameternamelist>
<parameterdescription>
<para>É o estado atual </para>
</parameterdescription>
</parameteritem>
<parameteritem>
<parameternamelist>
<parametername>n</parametername>
</parameternamelist>
<parameterdescription>
<para>É a ordem da jogada a ser obtida </para>
</parameterdescription>
</parameteritem>
</parameterlist>
<simplesect kind="return"><para>Retorna a jogada da ordem solicitada </para>
</simplesect>
</para>
        </detaileddescription>
        <inbodydescription>
        </inbodydescription>
        <location file="Trab de Li 2 ATUAL/Dados.c" line="94" column="8" bodyfile="Trab de Li 2 ATUAL/Dados.c" bodystart="94" bodyend="96"/>
      </memberdef>
      <memberdef kind="function" id="_dados_8c_1a0cecf912ae5bddea7a59d684c7cfe1ba" prot="public" static="no" const="no" explicit="no" inline="no" virt="non-virtual">
        <type>void</type>
        <definition>void guarda_ultima_jog</definition>
        <argsstring>(ESTADO *e, int y, int x)</argsstring>
        <name>guarda_ultima_jog</name>
        <param>
          <type><ref refid="struct_e_s_t_a_d_o" kindref="compound">ESTADO</ref> *</type>
          <declname>e</declname>
        </param>
        <param>
          <type>int</type>
          <declname>y</declname>
        </param>
        <param>
          <type>int</type>
          <declname>x</declname>
        </param>
        <briefdescription>
<para>Esta função guarda a coordenada que recebe a ultima jogada. </para>
        </briefdescription>
        <detaileddescription>
<para><parameterlist kind="param"><parameteritem>
<parameternamelist>
<parametername>e</parametername>
</parameternamelist>
<parameterdescription>
<para>É o estado atual </para>
</parameterdescription>
</parameteritem>
<parameteritem>
<parameternamelist>
<parametername>y</parametername>
</parameternamelist>
<parameterdescription>
<para>É uma linha </para>
</parameterdescription>
</parameteritem>
<parameteritem>
<parameternamelist>
<parametername>x</parametername>
</parameternamelist>
<parameterdescription>
<para>É uma coluna </para>
</parameterdescription>
</parameteritem>
</parameterlist>
</para>
        </detaileddescription>
        <inbodydescription>
        </inbodydescription>
        <location file="Trab de Li 2 ATUAL/Dados.c" line="98" column="6" bodyfile="Trab de Li 2 ATUAL/Dados.c" bodystart="98" bodyend="101"/>
      </memberdef>
      <memberdef kind="function" id="_dados_8c_1a616a1f3045d63dda6820e06ab87b42ce" prot="public" static="no" const="no" explicit="no" inline="no" virt="non-virtual">
        <type>void</type>
        <definition>void guarda_num_jogs</definition>
        <argsstring>(ESTADO *e, int n)</argsstring>
        <name>guarda_num_jogs</name>
        <param>
          <type><ref refid="struct_e_s_t_a_d_o" kindref="compound">ESTADO</ref> *</type>
          <declname>e</declname>
        </param>
        <param>
          <type>int</type>
          <declname>n</declname>
        </param>
        <briefdescription>
<para>Esta função guarda o numero de jogadas. </para>
        </briefdescription>
        <detaileddescription>
<para><parameterlist kind="param"><parameteritem>
<parameternamelist>
<parametername>e</parametername>
</parameternamelist>
<parameterdescription>
<para>É o estado atual </para>
</parameterdescription>
</parameteritem>
<parameteritem>
<parameternamelist>
<parametername>n</parametername>
</parameternamelist>
<parameterdescription>
<para>É a jogada a ser guardada </para>
</parameterdescription>
</parameteritem>
</parameterlist>
</para>
        </detaileddescription>
        <inbodydescription>
        </inbodydescription>
        <location file="Trab de Li 2 ATUAL/Dados.c" line="103" column="6" bodyfile="Trab de Li 2 ATUAL/Dados.c" bodystart="103" bodyend="105"/>
      </memberdef>
      <memberdef kind="function" id="_dados_8c_1a4bf4d4f1ccce3b17ef05423cd366b9e0" prot="public" static="no" const="no" explicit="no" inline="no" virt="non-virtual">
        <type>void</type>
        <definition>void alteracasa</definition>
        <argsstring>(ESTADO *e, int x, int y, CASA c)</argsstring>
        <name>alteracasa</name>
        <param>
          <type><ref refid="struct_e_s_t_a_d_o" kindref="compound">ESTADO</ref> *</type>
          <declname>e</declname>
        </param>
        <param>
          <type>int</type>
          <declname>x</declname>
        </param>
        <param>
          <type>int</type>
          <declname>y</declname>
        </param>
        <param>
          <type><ref refid="_dados_8h_1aba91601f16d4c485b2d9b8c429f27039" kindref="member">CASA</ref></type>
          <declname>c</declname>
        </param>
        <briefdescription>
<para>Esta funçao recebe uma coordenada e substitui pela coordenada que recebe. </para>
        </briefdescription>
        <detaileddescription>
<para><parameterlist kind="param"><parameteritem>
<parameternamelist>
<parametername>e</parametername>
</parameternamelist>
<parameterdescription>
<para>É o estado atual </para>
</parameterdescription>
</parameteritem>
<parameteritem>
<parameternamelist>
<parametername>x</parametername>
</parameternamelist>
<parameterdescription>
<para>É uma coluna </para>
</parameterdescription>
</parameteritem>
<parameteritem>
<parameternamelist>
<parametername>y</parametername>
</parameternamelist>
<parameterdescription>
<para>É uma linha </para>
</parameterdescription>
</parameteritem>
<parameteritem>
<parameternamelist>
<parametername>c</parametername>
</parameternamelist>
<parameterdescription>
<para>É a casa em que a peça vai ser colocada. </para>
</parameterdescription>
</parameteritem>
</parameterlist>
</para>
        </detaileddescription>
        <inbodydescription>
        </inbodydescription>
        <location file="Trab de Li 2 ATUAL/Dados.c" line="107" column="6" bodyfile="Trab de Li 2 ATUAL/Dados.c" bodystart="107" bodyend="109"/>
      </memberdef>
      <memberdef kind="function" id="_dados_8c_1a09b3a38b3ae012990530ac8107d80569" prot="public" static="no" const="no" explicit="no" inline="no" virt="non-virtual">
        <type>void</type>
        <definition>void guarda_jogada</definition>
        <argsstring>(ESTADO *e, int j, int nj, int y, int x)</argsstring>
        <name>guarda_jogada</name>
        <param>
          <type><ref refid="struct_e_s_t_a_d_o" kindref="compound">ESTADO</ref> *</type>
          <declname>e</declname>
        </param>
        <param>
          <type>int</type>
          <declname>j</declname>
        </param>
        <param>
          <type>int</type>
          <declname>nj</declname>
        </param>
        <param>
          <type>int</type>
          <declname>y</declname>
        </param>
        <param>
          <type>int</type>
          <declname>x</declname>
        </param>
        <briefdescription>
<para>Esta função guarda uma jogada consoante ao jogador e numero da jogada. </para>
        </briefdescription>
        <detaileddescription>
<para><parameterlist kind="param"><parameteritem>
<parameternamelist>
<parametername>e</parametername>
</parameternamelist>
<parameterdescription>
<para>É o estado atual </para>
</parameterdescription>
</parameteritem>
<parameteritem>
<parameternamelist>
<parametername>j</parametername>
</parameternamelist>
<parameterdescription>
<para>É o jogador da vez </para>
</parameterdescription>
</parameteritem>
<parameteritem>
<parameternamelist>
<parametername>nj</parametername>
</parameternamelist>
<parameterdescription>
<para>É o numero de jogadas </para>
</parameterdescription>
</parameteritem>
<parameteritem>
<parameternamelist>
<parametername>y</parametername>
</parameternamelist>
<parameterdescription>
<para>É uma linha </para>
</parameterdescription>
</parameteritem>
<parameteritem>
<parameternamelist>
<parametername>x</parametername>
</parameternamelist>
<parameterdescription>
<para>É uma coluna </para>
</parameterdescription>
</parameteritem>
</parameterlist>
</para>
        </detaileddescription>
        <inbodydescription>
        </inbodydescription>
        <location file="Trab de Li 2 ATUAL/Dados.c" line="111" column="6" bodyfile="Trab de Li 2 ATUAL/Dados.c" bodystart="111" bodyend="120"/>
      </memberdef>
      <memberdef kind="function" id="_dados_8c_1aa5477de13b00cc1d1950d8314c268de6" prot="public" static="no" const="no" explicit="no" inline="no" virt="non-virtual">
        <type>void</type>
        <definition>void guarda_jogada_coord</definition>
        <argsstring>(ESTADO *e, int j, int nj, COORDENADA c)</argsstring>
        <name>guarda_jogada_coord</name>
        <param>
          <type><ref refid="struct_e_s_t_a_d_o" kindref="compound">ESTADO</ref> *</type>
          <declname>e</declname>
        </param>
        <param>
          <type>int</type>
          <declname>j</declname>
        </param>
        <param>
          <type>int</type>
          <declname>nj</declname>
        </param>
        <param>
          <type><ref refid="struct_c_o_o_r_d_e_n_a_d_a" kindref="compound">COORDENADA</ref></type>
          <declname>c</declname>
        </param>
        <briefdescription>
<para>Esta função recebe uma coordenada e a guarda na jogada. </para>
        </briefdescription>
        <detaileddescription>
<para><parameterlist kind="param"><parameteritem>
<parameternamelist>
<parametername>e</parametername>
</parameternamelist>
<parameterdescription>
<para>É o estado atual </para>
</parameterdescription>
</parameteritem>
<parameteritem>
<parameternamelist>
<parametername>j</parametername>
</parameternamelist>
<parameterdescription>
<para>É o jogador da vez </para>
</parameterdescription>
</parameteritem>
<parameteritem>
<parameternamelist>
<parametername>nj</parametername>
</parameternamelist>
<parameterdescription>
<para>É o numero de jogadas </para>
</parameterdescription>
</parameteritem>
<parameteritem>
<parameternamelist>
<parametername>c</parametername>
</parameternamelist>
<parameterdescription>
<para>É a coordenada a ser guardada </para>
</parameterdescription>
</parameteritem>
</parameterlist>
</para>
        </detaileddescription>
        <inbodydescription>
        </inbodydescription>
        <location file="Trab de Li 2 ATUAL/Dados.c" line="122" column="6" bodyfile="Trab de Li 2 ATUAL/Dados.c" bodystart="122" bodyend="124"/>
      </memberdef>
      <memberdef kind="function" id="_dados_8c_1ae7bce55ca6469ed653b6b668d652504d" prot="public" static="no" const="no" explicit="no" inline="no" virt="non-virtual">
        <type>void</type>
        <definition>void guardar_jogador</definition>
        <argsstring>(ESTADO *e, int n)</argsstring>
        <name>guardar_jogador</name>
        <param>
          <type><ref refid="struct_e_s_t_a_d_o" kindref="compound">ESTADO</ref> *</type>
          <declname>e</declname>
        </param>
        <param>
          <type>int</type>
          <declname>n</declname>
        </param>
        <briefdescription>
<para>Essa função guarda o jogador atual. </para>
        </briefdescription>
        <detaileddescription>
<para><parameterlist kind="param"><parameteritem>
<parameternamelist>
<parametername>e</parametername>
</parameternamelist>
<parameterdescription>
<para>É o estado atual </para>
</parameterdescription>
</parameteritem>
<parameteritem>
<parameternamelist>
<parametername>n</parametername>
</parameternamelist>
<parameterdescription>
<para>É o jogador a ser guardado </para>
</parameterdescription>
</parameteritem>
</parameterlist>
</para>
        </detaileddescription>
        <inbodydescription>
        </inbodydescription>
        <location file="Trab de Li 2 ATUAL/Dados.c" line="126" column="6" bodyfile="Trab de Li 2 ATUAL/Dados.c" bodystart="126" bodyend="128"/>
      </memberdef>
      </sectiondef>
    <briefdescription>
    </briefdescription>
    <detaileddescription>
    </detaileddescription>
    <programlisting>
<codeline lineno="1"><highlight class="preprocessor">#include<sp/>&quot;<ref refid="_dados_8h" kindref="compound">Dados.h</ref>&quot;</highlight><highlight class="normal"></highlight></codeline>
<codeline lineno="2"><highlight class="normal"></highlight><highlight class="preprocessor">#include<sp/>&lt;stdlib.h&gt;</highlight><highlight class="normal"></highlight></codeline>
<codeline lineno="3"><highlight class="normal"></highlight></codeline>
<codeline lineno="4"><highlight class="normal"></highlight></codeline>
<codeline lineno="5"><highlight class="normal"><ref refid="struct_e_s_t_a_d_o" kindref="compound">ESTADO</ref><sp/>*<ref refid="_dados_8c_1a7e0c7e26fb685d9ab501e19b05e6954f" kindref="member">inicializar_estado</ref>()<sp/>{</highlight></codeline>
<codeline lineno="6"><highlight class="normal"><sp/><sp/><sp/><sp/><ref refid="struct_e_s_t_a_d_o" kindref="compound">ESTADO</ref><sp/>*e<sp/>=<sp/>(<ref refid="struct_e_s_t_a_d_o" kindref="compound">ESTADO</ref><sp/>*)<sp/>malloc(</highlight><highlight class="keyword">sizeof</highlight><highlight class="normal">(<ref refid="struct_e_s_t_a_d_o" kindref="compound">ESTADO</ref>));</highlight></codeline>
<codeline lineno="7"><highlight class="normal"><sp/><sp/><sp/><sp/></highlight><highlight class="keywordtype">int</highlight><highlight class="normal"><sp/>i2<sp/>=<sp/>0;</highlight></codeline>
<codeline lineno="8"><highlight class="normal"><sp/><sp/><sp/><sp/></highlight><highlight class="keywordtype">int</highlight><highlight class="normal"><sp/>cont<sp/>=<sp/>0;</highlight></codeline>
<codeline lineno="9"><highlight class="normal"><sp/><sp/><sp/><sp/></highlight><highlight class="keywordflow">while</highlight><highlight class="normal"><sp/>(i2<sp/>&lt;<sp/>8)<sp/>{</highlight></codeline>
<codeline lineno="10"><highlight class="normal"><sp/><sp/><sp/><sp/><sp/><sp/><sp/><sp/></highlight><highlight class="keywordtype">int</highlight><highlight class="normal"><sp/>i3<sp/>=<sp/>0;</highlight></codeline>
<codeline lineno="11"><highlight class="normal"><sp/><sp/><sp/><sp/><sp/><sp/><sp/><sp/></highlight><highlight class="keywordflow">while</highlight><highlight class="normal"><sp/>(i3<sp/>&lt;<sp/>8)<sp/>{</highlight></codeline>
<codeline lineno="12"><highlight class="normal"><sp/><sp/><sp/><sp/><sp/><sp/><sp/><sp/><sp/><sp/><sp/><sp/>e-&gt;<ref refid="struct_e_s_t_a_d_o_1a00c6ffee9c6e637d4178cb6e8846a578" kindref="member">tab</ref>[i2][i3]<sp/>=<sp/><ref refid="_dados_8h_1aba91601f16d4c485b2d9b8c429f27039abc711f491a56ec7af7a688be508c5113" kindref="member">VAZIO</ref>;</highlight></codeline>
<codeline lineno="13"><highlight class="normal"><sp/><sp/><sp/><sp/><sp/><sp/><sp/><sp/><sp/><sp/><sp/><sp/>i3++;</highlight></codeline>
<codeline lineno="14"><highlight class="normal"><sp/><sp/><sp/><sp/><sp/><sp/><sp/><sp/>}</highlight></codeline>
<codeline lineno="15"><highlight class="normal"><sp/><sp/><sp/><sp/><sp/><sp/><sp/><sp/>i2++;</highlight></codeline>
<codeline lineno="16"><highlight class="normal"><sp/><sp/><sp/><sp/>}</highlight></codeline>
<codeline lineno="17"><highlight class="normal"><sp/><sp/><sp/><sp/>e<sp/>-&gt;<sp/>ultima_jogada.coluna<sp/>=<sp/>4;</highlight></codeline>
<codeline lineno="18"><highlight class="normal"><sp/><sp/><sp/><sp/>e<sp/>-&gt;<sp/>ultima_jogada.linha<sp/>=<sp/>4;</highlight></codeline>
<codeline lineno="19"><highlight class="normal"><sp/><sp/><sp/><sp/>e<sp/>-&gt;<sp/>tab[0][0]<sp/>=<sp/><ref refid="_dados_8h_1aba91601f16d4c485b2d9b8c429f27039ab620e38b0268bee43c7e9a88bd6e73fa" kindref="member">UM</ref>;</highlight></codeline>
<codeline lineno="20"><highlight class="normal"><sp/><sp/><sp/><sp/>e<sp/>-&gt;<sp/>tab[7][7]<sp/>=<sp/><ref refid="_dados_8h_1aba91601f16d4c485b2d9b8c429f27039a2bf153109d0c8b96e61bc18d5be7c5da" kindref="member">DOIS</ref>;</highlight></codeline>
<codeline lineno="21"><highlight class="normal"><sp/><sp/><sp/><sp/>e<sp/>-&gt;<sp/>tab[4][4]<sp/>=<sp/><ref refid="_dados_8h_1aba91601f16d4c485b2d9b8c429f27039ad24485fddec75419fd4a0cc9edda0ca5" kindref="member">BRANCA</ref>;</highlight></codeline>
<codeline lineno="22"><highlight class="normal"><sp/><sp/><sp/><sp/>e<sp/>-&gt;<sp/>jogador_atual<sp/>=<sp/>1;</highlight></codeline>
<codeline lineno="23"><highlight class="normal"><sp/><sp/><sp/><sp/>e<sp/>-&gt;<sp/>num_jogadas<sp/>=<sp/>1;</highlight></codeline>
<codeline lineno="24"><highlight class="normal"><sp/><sp/><sp/><sp/></highlight><highlight class="keywordflow">while</highlight><highlight class="normal">(cont<sp/>&lt;<sp/>32){</highlight></codeline>
<codeline lineno="25"><highlight class="normal"><sp/><sp/><sp/><sp/><sp/><sp/><sp/><sp/>e-&gt;<ref refid="struct_e_s_t_a_d_o_1a0e44ff9e999c7573f4b87cb8a7aba6c2" kindref="member">jogadas</ref>[cont].jogador1.linha<sp/>=<sp/>4;</highlight></codeline>
<codeline lineno="26"><highlight class="normal"><sp/><sp/><sp/><sp/><sp/><sp/><sp/><sp/>e-&gt;<ref refid="struct_e_s_t_a_d_o_1a0e44ff9e999c7573f4b87cb8a7aba6c2" kindref="member">jogadas</ref>[cont].jogador1.coluna<sp/>=<sp/>4;</highlight></codeline>
<codeline lineno="27"><highlight class="normal"><sp/><sp/><sp/><sp/><sp/><sp/><sp/><sp/>e-&gt;<ref refid="struct_e_s_t_a_d_o_1a0e44ff9e999c7573f4b87cb8a7aba6c2" kindref="member">jogadas</ref>[cont].jogador2.linha<sp/>=<sp/>4;</highlight></codeline>
<codeline lineno="28"><highlight class="normal"><sp/><sp/><sp/><sp/><sp/><sp/><sp/><sp/>e-&gt;<ref refid="struct_e_s_t_a_d_o_1a0e44ff9e999c7573f4b87cb8a7aba6c2" kindref="member">jogadas</ref>[cont].jogador2.coluna<sp/>=<sp/>4;</highlight></codeline>
<codeline lineno="29"><highlight class="normal"><sp/><sp/><sp/><sp/><sp/><sp/><sp/><sp/>cont++;</highlight></codeline>
<codeline lineno="30"><highlight class="normal"><sp/><sp/><sp/><sp/>}</highlight></codeline>
<codeline lineno="31"><highlight class="normal"><sp/><sp/><sp/><sp/></highlight><highlight class="keywordflow">return</highlight><highlight class="normal"><sp/>e;</highlight></codeline>
<codeline lineno="32"><highlight class="normal">}</highlight></codeline>
<codeline lineno="33"><highlight class="normal"></highlight></codeline>
<codeline lineno="34"><highlight class="normal"></highlight><highlight class="keywordtype">char</highlight><highlight class="normal"><sp/><ref refid="_dados_8c_1a9f0dd79778fc7f41098b93a1e29bdcb9" kindref="member">conv_c</ref>(</highlight><highlight class="keywordtype">int</highlight><highlight class="normal"><sp/>col){</highlight></codeline>
<codeline lineno="35"><highlight class="normal"><sp/><sp/><sp/><sp/></highlight><highlight class="keywordtype">char</highlight><highlight class="normal"><sp/>c;</highlight></codeline>
<codeline lineno="36"><highlight class="normal"><sp/><sp/><sp/><sp/>c<sp/>=<sp/>(char)(col+97);</highlight></codeline>
<codeline lineno="37"><highlight class="normal"><sp/><sp/><sp/><sp/></highlight><highlight class="keywordflow">return</highlight><highlight class="normal"><sp/>c;</highlight></codeline>
<codeline lineno="38"><highlight class="normal">}</highlight></codeline>
<codeline lineno="39"><highlight class="normal"></highlight></codeline>
<codeline lineno="40"><highlight class="normal"></highlight><highlight class="keywordtype">char</highlight><highlight class="normal"><sp/><ref refid="_dados_8c_1acb70dbd3905a451c8d815addb17b9c3a" kindref="member">conv_l</ref>(</highlight><highlight class="keywordtype">int</highlight><highlight class="normal"><sp/>lin){</highlight></codeline>
<codeline lineno="41"><highlight class="normal"><sp/><sp/><sp/><sp/></highlight><highlight class="keywordtype">char</highlight><highlight class="normal"><sp/>c;</highlight></codeline>
<codeline lineno="42"><highlight class="normal"><sp/><sp/><sp/><sp/>c<sp/>=<sp/>(char)(lin+49);</highlight></codeline>
<codeline lineno="43"><highlight class="normal"><sp/><sp/><sp/><sp/></highlight><highlight class="keywordflow">return</highlight><highlight class="normal"><sp/>c;</highlight></codeline>
<codeline lineno="44"><highlight class="normal">}</highlight></codeline>
<codeline lineno="45"><highlight class="normal"></highlight></codeline>
<codeline lineno="46"><highlight class="normal"></highlight><highlight class="keywordtype">int</highlight><highlight class="normal"><sp/><ref refid="_dados_8c_1ad6e326e4ffa57ca1ae0c75377ecefc8c" kindref="member">obter_jogador_atual</ref>(<ref refid="struct_e_s_t_a_d_o" kindref="compound">ESTADO</ref><sp/>*estado){</highlight></codeline>
<codeline lineno="47"><highlight class="normal"><sp/><sp/><sp/><sp/></highlight><highlight class="keywordtype">int</highlight><highlight class="normal"><sp/>x;</highlight></codeline>
<codeline lineno="48"><highlight class="normal"><sp/><sp/><sp/><sp/>x<sp/>=<sp/>estado-&gt;<ref refid="struct_e_s_t_a_d_o_1a6f3701db06762a60333719d94aa4d28c" kindref="member">jogador_atual</ref>;</highlight></codeline>
<codeline lineno="49"><highlight class="normal"><sp/><sp/><sp/><sp/></highlight><highlight class="keywordflow">return</highlight><highlight class="normal"><sp/>x;</highlight></codeline>
<codeline lineno="50"><highlight class="normal">}</highlight></codeline>
<codeline lineno="51"><highlight class="normal"></highlight></codeline>
<codeline lineno="52"><highlight class="normal"></highlight><highlight class="keywordtype">int</highlight><highlight class="normal"><sp/><ref refid="_dados_8c_1a6cd0b387bdee9e18003c78852394aa63" kindref="member">obter_numero_de_jogadas</ref>(<ref refid="struct_e_s_t_a_d_o" kindref="compound">ESTADO</ref><sp/>*estado){</highlight></codeline>
<codeline lineno="53"><highlight class="normal"><sp/><sp/><sp/><sp/></highlight><highlight class="keywordtype">int</highlight><highlight class="normal"><sp/>y;</highlight></codeline>
<codeline lineno="54"><highlight class="normal"><sp/><sp/><sp/><sp/>y<sp/>=<sp/>estado-&gt;<ref refid="struct_e_s_t_a_d_o_1a06af1e846368d0fc9525e78f4d86faa3" kindref="member">num_jogadas</ref>;</highlight></codeline>
<codeline lineno="55"><highlight class="normal"><sp/><sp/><sp/><sp/></highlight><highlight class="keywordflow">return</highlight><highlight class="normal"><sp/>y;</highlight></codeline>
<codeline lineno="56"><highlight class="normal">}</highlight></codeline>
<codeline lineno="57"><highlight class="normal"></highlight></codeline>
<codeline lineno="58"><highlight class="normal"><ref refid="_dados_8h_1aba91601f16d4c485b2d9b8c429f27039" kindref="member">CASA</ref><sp/><ref refid="_dados_8c_1aaa1ed229d1bbebe93de9f27d13e4bfc2" kindref="member">obter_casa</ref>(<ref refid="struct_e_s_t_a_d_o" kindref="compound">ESTADO</ref><sp/>*e,<sp/></highlight><highlight class="keywordtype">int</highlight><highlight class="normal"><sp/>y,<sp/></highlight><highlight class="keywordtype">int</highlight><highlight class="normal"><sp/>x){</highlight></codeline>
<codeline lineno="59"><highlight class="normal"><sp/><sp/><sp/><sp/></highlight><highlight class="keywordflow">return</highlight><highlight class="normal"><sp/>e-&gt;<ref refid="struct_e_s_t_a_d_o_1a00c6ffee9c6e637d4178cb6e8846a578" kindref="member">tab</ref>[y][x];</highlight></codeline>
<codeline lineno="60"><highlight class="normal">}</highlight></codeline>
<codeline lineno="61"><highlight class="normal"></highlight></codeline>
<codeline lineno="62"><highlight class="normal"></highlight><highlight class="keywordtype">int</highlight><highlight class="normal"><sp/><ref refid="_dados_8c_1a193d8b430c7cdf263d03e2d557e0ebeb" kindref="member">obter_coluna</ref>(<ref refid="struct_e_s_t_a_d_o" kindref="compound">ESTADO</ref><sp/>*e,<sp/></highlight><highlight class="keywordtype">int</highlight><highlight class="normal"><sp/>player,<sp/></highlight><highlight class="keywordtype">int</highlight><highlight class="normal"><sp/>jogada){</highlight></codeline>
<codeline lineno="63"><highlight class="normal"><sp/><sp/><sp/><sp/></highlight><highlight class="keywordflow">if</highlight><highlight class="normal"><sp/>(player<sp/>==<sp/>2)</highlight></codeline>
<codeline lineno="64"><highlight class="normal"><sp/><sp/><sp/><sp/><sp/><sp/><sp/><sp/></highlight><highlight class="keywordflow">return</highlight><highlight class="normal"><sp/>e-&gt;<ref refid="struct_e_s_t_a_d_o_1a0e44ff9e999c7573f4b87cb8a7aba6c2" kindref="member">jogadas</ref>[jogada].jogador2.coluna;</highlight></codeline>
<codeline lineno="65"><highlight class="normal"><sp/><sp/><sp/><sp/></highlight><highlight class="keywordflow">else</highlight><highlight class="normal"></highlight></codeline>
<codeline lineno="66"><highlight class="normal"><sp/><sp/><sp/><sp/><sp/><sp/><sp/><sp/></highlight><highlight class="keywordflow">return</highlight><highlight class="normal"><sp/>e-&gt;<ref refid="struct_e_s_t_a_d_o_1a0e44ff9e999c7573f4b87cb8a7aba6c2" kindref="member">jogadas</ref>[jogada].jogador1.coluna;</highlight></codeline>
<codeline lineno="67"><highlight class="normal">}</highlight></codeline>
<codeline lineno="68"><highlight class="normal"></highlight></codeline>
<codeline lineno="69"><highlight class="normal"></highlight><highlight class="keywordtype">int</highlight><highlight class="normal"><sp/><ref refid="_dados_8c_1aa5d95d7b98978570b798964a3de01d24" kindref="member">obter_linha</ref>(<ref refid="struct_e_s_t_a_d_o" kindref="compound">ESTADO</ref><sp/>*e,<sp/></highlight><highlight class="keywordtype">int</highlight><highlight class="normal"><sp/>player,<sp/></highlight><highlight class="keywordtype">int</highlight><highlight class="normal"><sp/>jogada){</highlight></codeline>
<codeline lineno="70"><highlight class="normal"><sp/><sp/><sp/><sp/></highlight><highlight class="keywordflow">if</highlight><highlight class="normal"><sp/>(player<sp/>==<sp/>2)</highlight></codeline>
<codeline lineno="71"><highlight class="normal"><sp/><sp/><sp/><sp/><sp/><sp/><sp/><sp/></highlight><highlight class="keywordflow">return</highlight><highlight class="normal"><sp/>e-&gt;<ref refid="struct_e_s_t_a_d_o_1a0e44ff9e999c7573f4b87cb8a7aba6c2" kindref="member">jogadas</ref>[jogada].jogador2.linha;</highlight></codeline>
<codeline lineno="72"><highlight class="normal"><sp/><sp/><sp/><sp/></highlight><highlight class="keywordflow">else</highlight><highlight class="normal"></highlight></codeline>
<codeline lineno="73"><highlight class="normal"><sp/><sp/><sp/><sp/><sp/><sp/><sp/><sp/></highlight><highlight class="keywordflow">return</highlight><highlight class="normal"><sp/>e-&gt;<ref refid="struct_e_s_t_a_d_o_1a0e44ff9e999c7573f4b87cb8a7aba6c2" kindref="member">jogadas</ref>[jogada].jogador1.linha;</highlight></codeline>
<codeline lineno="74"><highlight class="normal">}</highlight></codeline>
<codeline lineno="75"><highlight class="normal"></highlight></codeline>
<codeline lineno="76"><highlight class="normal"></highlight><highlight class="keywordtype">int</highlight><highlight class="normal"><sp/><ref refid="_dados_8c_1a7404297692d7f4b41adc3aaeb879a3b6" kindref="member">obter_coluna_ult</ref>(<ref refid="struct_e_s_t_a_d_o" kindref="compound">ESTADO</ref><sp/>*e){</highlight></codeline>
<codeline lineno="77"><highlight class="normal"><sp/><sp/><sp/><sp/></highlight><highlight class="keywordflow">return</highlight><highlight class="normal"><sp/>e-&gt;<ref refid="struct_e_s_t_a_d_o_1a88f042640b66b99525b1c9d830893177" kindref="member">ultima_jogada</ref>.<ref refid="struct_c_o_o_r_d_e_n_a_d_a_1a4a2f44649af1dfbf8d13141d5a336455" kindref="member">coluna</ref>;</highlight></codeline>
<codeline lineno="78"><highlight class="normal">}</highlight></codeline>
<codeline lineno="79"><highlight class="normal"></highlight><highlight class="keywordtype">int</highlight><highlight class="normal"><sp/><ref refid="_dados_8c_1a9c353ba627e6e10a25e2c44f0fa10d25" kindref="member">obter_linha_ult</ref>(<ref refid="struct_e_s_t_a_d_o" kindref="compound">ESTADO</ref><sp/>*e){</highlight></codeline>
<codeline lineno="80"><highlight class="normal"><sp/><sp/><sp/><sp/></highlight><highlight class="keywordflow">return</highlight><highlight class="normal"><sp/>e-&gt;<ref refid="struct_e_s_t_a_d_o_1a88f042640b66b99525b1c9d830893177" kindref="member">ultima_jogada</ref>.<ref refid="struct_c_o_o_r_d_e_n_a_d_a_1af20d02e678ba0aeaf8727d747151baf0" kindref="member">linha</ref>;</highlight></codeline>
<codeline lineno="81"><highlight class="normal">}</highlight></codeline>
<codeline lineno="82"><highlight class="normal"></highlight></codeline>
<codeline lineno="83"><highlight class="normal"><ref refid="struct_c_o_o_r_d_e_n_a_d_a" kindref="compound">COORDENADA</ref><sp/><ref refid="_dados_8c_1a85df295fb7724429b9e97b13b5e70878" kindref="member">obter_coord_ult</ref>(<ref refid="struct_e_s_t_a_d_o" kindref="compound">ESTADO</ref><sp/>*e){</highlight></codeline>
<codeline lineno="84"><highlight class="normal"><sp/><sp/><sp/><sp/></highlight><highlight class="keywordflow">return</highlight><highlight class="normal"><sp/>e-&gt;<ref refid="struct_e_s_t_a_d_o_1a88f042640b66b99525b1c9d830893177" kindref="member">ultima_jogada</ref>;</highlight></codeline>
<codeline lineno="85"><highlight class="normal">}</highlight></codeline>
<codeline lineno="86"><highlight class="normal"></highlight></codeline>
<codeline lineno="87"><highlight class="normal"><ref refid="struct_c_o_o_r_d_e_n_a_d_a" kindref="compound">COORDENADA</ref><sp/><ref refid="_dados_8c_1ab1b2be1dd101f241a26150451354266a" kindref="member">obter_coord</ref>(<ref refid="struct_e_s_t_a_d_o" kindref="compound">ESTADO</ref><sp/>*e,<sp/></highlight><highlight class="keywordtype">int</highlight><highlight class="normal"><sp/>player,<sp/></highlight><highlight class="keywordtype">int</highlight><highlight class="normal"><sp/>jogada){</highlight></codeline>
<codeline lineno="88"><highlight class="normal"><sp/><sp/><sp/><sp/></highlight><highlight class="keywordflow">if</highlight><highlight class="normal"><sp/>(player<sp/>==<sp/>2)</highlight></codeline>
<codeline lineno="89"><highlight class="normal"><sp/><sp/><sp/><sp/><sp/><sp/><sp/><sp/></highlight><highlight class="keywordflow">return</highlight><highlight class="normal"><sp/><sp/>e-&gt;<ref refid="struct_e_s_t_a_d_o_1a0e44ff9e999c7573f4b87cb8a7aba6c2" kindref="member">jogadas</ref>[jogada].jogador2;</highlight></codeline>
<codeline lineno="90"><highlight class="normal"><sp/><sp/><sp/><sp/></highlight><highlight class="keywordflow">else</highlight><highlight class="normal"></highlight></codeline>
<codeline lineno="91"><highlight class="normal"><sp/><sp/><sp/><sp/><sp/><sp/><sp/><sp/></highlight><highlight class="keywordflow">return</highlight><highlight class="normal"><sp/><sp/>e-&gt;<ref refid="struct_e_s_t_a_d_o_1a0e44ff9e999c7573f4b87cb8a7aba6c2" kindref="member">jogadas</ref>[jogada].jogador1;</highlight></codeline>
<codeline lineno="92"><highlight class="normal">}</highlight></codeline>
<codeline lineno="93"><highlight class="normal"></highlight></codeline>
<codeline lineno="94"><highlight class="normal"><ref refid="struct_j_o_g_a_d_a" kindref="compound">JOGADA</ref><sp/><ref refid="_dados_8c_1a4485783336588338b42f5ec04dea2a44" kindref="member">obter_jogadas</ref>(<ref refid="struct_e_s_t_a_d_o" kindref="compound">ESTADO</ref><sp/>*e,</highlight><highlight class="keywordtype">int</highlight><highlight class="normal"><sp/>n){</highlight></codeline>
<codeline lineno="95"><highlight class="normal"><sp/><sp/><sp/><sp/></highlight><highlight class="keywordflow">return</highlight><highlight class="normal"><sp/>e-&gt;<ref refid="struct_e_s_t_a_d_o_1a0e44ff9e999c7573f4b87cb8a7aba6c2" kindref="member">jogadas</ref>[n];</highlight></codeline>
<codeline lineno="96"><highlight class="normal">}</highlight></codeline>
<codeline lineno="97"><highlight class="normal"></highlight></codeline>
<codeline lineno="98"><highlight class="normal"></highlight><highlight class="keywordtype">void</highlight><highlight class="normal"><sp/><ref refid="_dados_8c_1a0cecf912ae5bddea7a59d684c7cfe1ba" kindref="member">guarda_ultima_jog</ref>(<ref refid="struct_e_s_t_a_d_o" kindref="compound">ESTADO</ref><sp/>*e,<sp/></highlight><highlight class="keywordtype">int</highlight><highlight class="normal"><sp/>y,<sp/></highlight><highlight class="keywordtype">int</highlight><highlight class="normal"><sp/>x){</highlight></codeline>
<codeline lineno="99"><highlight class="normal"><sp/><sp/><sp/><sp/>e-&gt;<ref refid="struct_e_s_t_a_d_o_1a88f042640b66b99525b1c9d830893177" kindref="member">ultima_jogada</ref>.<ref refid="struct_c_o_o_r_d_e_n_a_d_a_1a4a2f44649af1dfbf8d13141d5a336455" kindref="member">coluna</ref><sp/>=<sp/>x;</highlight></codeline>
<codeline lineno="100"><highlight class="normal"><sp/><sp/><sp/><sp/>e-&gt;<ref refid="struct_e_s_t_a_d_o_1a88f042640b66b99525b1c9d830893177" kindref="member">ultima_jogada</ref>.<ref refid="struct_c_o_o_r_d_e_n_a_d_a_1af20d02e678ba0aeaf8727d747151baf0" kindref="member">linha</ref><sp/>=<sp/>y;</highlight></codeline>
<codeline lineno="101"><highlight class="normal">}</highlight></codeline>
<codeline lineno="102"><highlight class="normal"></highlight></codeline>
<codeline lineno="103"><highlight class="normal"></highlight><highlight class="keywordtype">void</highlight><highlight class="normal"><sp/><ref refid="_dados_8c_1a616a1f3045d63dda6820e06ab87b42ce" kindref="member">guarda_num_jogs</ref>(<ref refid="struct_e_s_t_a_d_o" kindref="compound">ESTADO</ref><sp/>*e,<sp/></highlight><highlight class="keywordtype">int</highlight><highlight class="normal"><sp/>n){</highlight></codeline>
<codeline lineno="104"><highlight class="normal"><sp/><sp/><sp/><sp/>e-&gt;<ref refid="struct_e_s_t_a_d_o_1a06af1e846368d0fc9525e78f4d86faa3" kindref="member">num_jogadas</ref><sp/>=<sp/>n;</highlight></codeline>
<codeline lineno="105"><highlight class="normal">}</highlight></codeline>
<codeline lineno="106"><highlight class="normal"></highlight></codeline>
<codeline lineno="107"><highlight class="normal"></highlight><highlight class="keywordtype">void</highlight><highlight class="normal"><sp/><ref refid="_dados_8c_1a4bf4d4f1ccce3b17ef05423cd366b9e0" kindref="member">alteracasa</ref>(<ref refid="struct_e_s_t_a_d_o" kindref="compound">ESTADO</ref><sp/>*e,<sp/></highlight><highlight class="keywordtype">int</highlight><highlight class="normal"><sp/>x,<sp/></highlight><highlight class="keywordtype">int</highlight><highlight class="normal"><sp/>y,<sp/><ref refid="_dados_8h_1aba91601f16d4c485b2d9b8c429f27039" kindref="member">CASA</ref><sp/>c){</highlight></codeline>
<codeline lineno="108"><highlight class="normal"><sp/><sp/><sp/><sp/>e-&gt;<ref refid="struct_e_s_t_a_d_o_1a00c6ffee9c6e637d4178cb6e8846a578" kindref="member">tab</ref>[y][x]<sp/>=<sp/>c;</highlight></codeline>
<codeline lineno="109"><highlight class="normal">}</highlight></codeline>
<codeline lineno="110"><highlight class="normal"></highlight></codeline>
<codeline lineno="111"><highlight class="normal"></highlight><highlight class="keywordtype">void</highlight><highlight class="normal"><sp/><ref refid="_dados_8c_1a09b3a38b3ae012990530ac8107d80569" kindref="member">guarda_jogada</ref>(<ref refid="struct_e_s_t_a_d_o" kindref="compound">ESTADO</ref><sp/>*e,<sp/></highlight><highlight class="keywordtype">int</highlight><highlight class="normal"><sp/>j,<sp/></highlight><highlight class="keywordtype">int</highlight><highlight class="normal"><sp/>nj,<sp/></highlight><highlight class="keywordtype">int</highlight><highlight class="normal"><sp/>y,<sp/></highlight><highlight class="keywordtype">int</highlight><highlight class="normal"><sp/>x){</highlight></codeline>
<codeline lineno="112"><highlight class="normal"><sp/><sp/><sp/><sp/></highlight><highlight class="keywordflow">if</highlight><highlight class="normal">(j<sp/>==<sp/>1)<sp/>{</highlight></codeline>
<codeline lineno="113"><highlight class="normal"><sp/><sp/><sp/><sp/><sp/><sp/><sp/><sp/>e-&gt;<ref refid="struct_e_s_t_a_d_o_1a0e44ff9e999c7573f4b87cb8a7aba6c2" kindref="member">jogadas</ref>[nj].jogador1.coluna<sp/>=<sp/>x;</highlight></codeline>
<codeline lineno="114"><highlight class="normal"><sp/><sp/><sp/><sp/><sp/><sp/><sp/><sp/>e-&gt;<ref refid="struct_e_s_t_a_d_o_1a0e44ff9e999c7573f4b87cb8a7aba6c2" kindref="member">jogadas</ref>[nj].jogador1.linha<sp/>=<sp/>y;</highlight></codeline>
<codeline lineno="115"><highlight class="normal"><sp/><sp/><sp/><sp/>}</highlight></codeline>
<codeline lineno="116"><highlight class="normal"><sp/><sp/><sp/><sp/></highlight><highlight class="keywordflow">else</highlight><highlight class="normal">{</highlight></codeline>
<codeline lineno="117"><highlight class="normal"><sp/><sp/><sp/><sp/><sp/><sp/><sp/><sp/>e-&gt;<ref refid="struct_e_s_t_a_d_o_1a0e44ff9e999c7573f4b87cb8a7aba6c2" kindref="member">jogadas</ref>[nj].jogador2.coluna<sp/>=<sp/>x;</highlight></codeline>
<codeline lineno="118"><highlight class="normal"><sp/><sp/><sp/><sp/><sp/><sp/><sp/><sp/>e-&gt;<ref refid="struct_e_s_t_a_d_o_1a0e44ff9e999c7573f4b87cb8a7aba6c2" kindref="member">jogadas</ref>[nj].jogador2.linha<sp/>=<sp/>y;</highlight></codeline>
<codeline lineno="119"><highlight class="normal"><sp/><sp/><sp/><sp/>}</highlight></codeline>
<codeline lineno="120"><highlight class="normal">}</highlight></codeline>
<codeline lineno="121"><highlight class="normal"></highlight></codeline>
<codeline lineno="122"><highlight class="normal"></highlight><highlight class="keywordtype">void</highlight><highlight class="normal"><sp/><ref refid="_dados_8c_1aa5477de13b00cc1d1950d8314c268de6" kindref="member">guarda_jogada_coord</ref>(<ref refid="struct_e_s_t_a_d_o" kindref="compound">ESTADO</ref><sp/>*e,<sp/></highlight><highlight class="keywordtype">int</highlight><highlight class="normal"><sp/>j,<sp/></highlight><highlight class="keywordtype">int</highlight><highlight class="normal"><sp/>nj,<sp/><ref refid="struct_c_o_o_r_d_e_n_a_d_a" kindref="compound">COORDENADA</ref><sp/>c){</highlight></codeline>
<codeline lineno="123"><highlight class="normal"><sp/><sp/><sp/><sp/><ref refid="_dados_8c_1a09b3a38b3ae012990530ac8107d80569" kindref="member">guarda_jogada</ref>(e,j,nj,c.<ref refid="struct_c_o_o_r_d_e_n_a_d_a_1af20d02e678ba0aeaf8727d747151baf0" kindref="member">linha</ref>,c.<ref refid="struct_c_o_o_r_d_e_n_a_d_a_1a4a2f44649af1dfbf8d13141d5a336455" kindref="member">coluna</ref>);</highlight></codeline>
<codeline lineno="124"><highlight class="normal">}</highlight></codeline>
<codeline lineno="125"><highlight class="normal"></highlight></codeline>
<codeline lineno="126"><highlight class="normal"></highlight><highlight class="keywordtype">void</highlight><highlight class="normal"><sp/><ref refid="_dados_8c_1ae7bce55ca6469ed653b6b668d652504d" kindref="member">guardar_jogador</ref>(<ref refid="struct_e_s_t_a_d_o" kindref="compound">ESTADO</ref><sp/>*e,<sp/></highlight><highlight class="keywordtype">int</highlight><highlight class="normal"><sp/>n){</highlight></codeline>
<codeline lineno="127"><highlight class="normal"><sp/><sp/><sp/><sp/>e-&gt;<ref refid="struct_e_s_t_a_d_o_1a6f3701db06762a60333719d94aa4d28c" kindref="member">jogador_atual</ref><sp/>=<sp/>n;</highlight></codeline>
<codeline lineno="128"><highlight class="normal">}</highlight></codeline>
    </programlisting>
    <location file="Trab de Li 2 ATUAL/Dados.c"/>
  </compounddef>
</doxygen>
