<?xml version='1.0' encoding='UTF-8' standalone='no'?>
<doxygen xmlns:xsi="http://www.w3.org/2001/XMLSchema-instance" xsi:noNamespaceSchemaLocation="compound.xsd" version="1.8.17">
  <compounddef id="_interface_8h" kind="file" language="C++">
    <compoundname>Interface.h</compoundname>
    <includes refid="_dados_8h" local="yes">Dados.h</includes>
    <includes refid="_logica_8h" local="yes">Logica.h</includes>
    <includedby refid="_logica_8h" local="yes">Trab de Li 2 ATUAL/Logica.h</includedby>
    <includedby refid="_logica_8c" local="yes">Trab de Li 2 ATUAL/Logica.c</includedby>
    <includedby refid="main_8c" local="yes">Trab de Li 2 ATUAL/main.c</includedby>
    <incdepgraph>
      <node id="2">
        <label>Dados.h</label>
        <link refid="_dados_8h"/>
      </node>
      <node id="4">
        <label>Listas.h</label>
        <link refid="_listas_8h"/>
      </node>
      <node id="3">
        <label>Logica.h</label>
        <link refid="_logica_8h"/>
        <childnode refid="2" relation="include">
        </childnode>
        <childnode refid="1" relation="include">
        </childnode>
        <childnode refid="4" relation="include">
        </childnode>
      </node>
      <node id="1">
        <label>Trab de Li 2 ATUAL/Interface.h</label>
        <link refid="_interface_8h"/>
        <childnode refid="2" relation="include">
        </childnode>
        <childnode refid="3" relation="include">
        </childnode>
      </node>
    </incdepgraph>
    <invincdepgraph>
      <node id="4">
        <label>Trab de Li 2 ATUAL/Logica.c</label>
        <link refid="_logica_8c"/>
      </node>
      <node id="2">
        <label>Trab de Li 2 ATUAL/Logica.h</label>
        <link refid="_logica_8h"/>
        <childnode refid="3" relation="include">
        </childnode>
        <childnode refid="1" relation="include">
        </childnode>
      </node>
      <node id="5">
        <label>Trab de Li 2 ATUAL/main.c</label>
        <link refid="main_8c"/>
      </node>
      <node id="3">
        <label>Trab de Li 2 ATUAL/Interface.c</label>
        <link refid="_interface_8c"/>
      </node>
      <node id="1">
        <label>Trab de Li 2 ATUAL/Interface.h</label>
        <link refid="_interface_8h"/>
        <childnode refid="2" relation="include">
        </childnode>
        <childnode refid="4" relation="include">
        </childnode>
        <childnode refid="5" relation="include">
        </childnode>
      </node>
    </invincdepgraph>
      <sectiondef kind="func">
      <memberdef kind="function" id="_interface_8h_1abbd876b144cd2b43aa5f6ad551eb480b" prot="public" static="no" const="no" explicit="no" inline="no" virt="non-virtual">
        <type>int</type>
        <definition>int gravar</definition>
        <argsstring>(ESTADO *estado, char filename[])</argsstring>
        <name>gravar</name>
        <param>
          <type><ref refid="struct_e_s_t_a_d_o" kindref="compound">ESTADO</ref> *</type>
          <declname>estado</declname>
        </param>
        <param>
          <type>char</type>
          <declname>filename</declname>
          <array>[]</array>
        </param>
        <briefdescription>
<para>Essa função cria um novo ficheiro onde é gravado o estado do jogo. </para>
        </briefdescription>
        <detaileddescription>
<para><parameterlist kind="param"><parameteritem>
<parameternamelist>
<parametername>estado</parametername>
</parameternamelist>
<parameterdescription>
<para>É o estado do jogo a ser gravado. </para>
</parameterdescription>
</parameteritem>
<parameteritem>
<parameternamelist>
<parametername>filename</parametername>
</parameternamelist>
<parameterdescription>
<para>É o nome do ficheiro. </para>
</parameterdescription>
</parameteritem>
</parameterlist>
</para>
        </detaileddescription>
        <inbodydescription>
        </inbodydescription>
        <location file="Trab de Li 2 ATUAL/Interface.h" line="17" column="5" bodyfile="Trab de Li 2 ATUAL/Interface.c" bodystart="9" bodyend="53" declfile="Trab de Li 2 ATUAL/Interface.h" declline="17" declcolumn="5"/>
      </memberdef>
      <memberdef kind="function" id="_interface_8h_1a13a5fd1ffeb05c1f7390581eb2ee7a05" prot="public" static="no" const="no" explicit="no" inline="no" virt="non-virtual">
        <type>int</type>
        <definition>int lerfich</definition>
        <argsstring>(char filename[], ESTADO *estado)</argsstring>
        <name>lerfich</name>
        <param>
          <type>char</type>
          <declname>filename</declname>
          <array>[]</array>
        </param>
        <param>
          <type><ref refid="struct_e_s_t_a_d_o" kindref="compound">ESTADO</ref> *</type>
          <declname>estado</declname>
        </param>
        <briefdescription>
<para>Essa função basicamente lê o ficheiro. </para>
        </briefdescription>
        <detaileddescription>
<para><parameterlist kind="param"><parameteritem>
<parameternamelist>
<parametername>filename</parametername>
</parameternamelist>
<parameterdescription>
<para>É o nome do ficheiro. </para>
</parameterdescription>
</parameteritem>
<parameteritem>
<parameternamelist>
<parametername>estado</parametername>
</parameternamelist>
<parameterdescription>
<para>É o estado a ser alterado. </para>
</parameterdescription>
</parameteritem>
</parameterlist>
</para>
        </detaileddescription>
        <inbodydescription>
        </inbodydescription>
        <location file="Trab de Li 2 ATUAL/Interface.h" line="23" column="5" bodyfile="Trab de Li 2 ATUAL/Interface.c" bodystart="56" bodyend="107" declfile="Trab de Li 2 ATUAL/Interface.h" declline="23" declcolumn="5"/>
      </memberdef>
      <memberdef kind="function" id="_interface_8h_1abe85a0d9f8b389b7747666bb2e39dbf8" prot="public" static="no" const="no" explicit="no" inline="no" virt="non-virtual">
        <type>int</type>
        <definition>int write_coord</definition>
        <argsstring>(COORDENADA coord)</argsstring>
        <name>write_coord</name>
        <param>
          <type><ref refid="struct_c_o_o_r_d_e_n_a_d_a" kindref="compound">COORDENADA</ref></type>
          <declname>coord</declname>
        </param>
        <briefdescription>
<para>Essa função basicamente nos dá a coordenada atual. </para>
        </briefdescription>
        <detaileddescription>
<para><parameterlist kind="param"><parameteritem>
<parameternamelist>
<parametername>coord</parametername>
</parameternamelist>
<parameterdescription>
<para>É uma coordenada </para>
</parameterdescription>
</parameteritem>
</parameterlist>
</para>
        </detaileddescription>
        <inbodydescription>
        </inbodydescription>
        <location file="Trab de Li 2 ATUAL/Interface.h" line="28" column="5" bodyfile="Trab de Li 2 ATUAL/Interface.c" bodystart="184" bodyend="195" declfile="Trab de Li 2 ATUAL/Interface.h" declline="28" declcolumn="5"/>
      </memberdef>
      <memberdef kind="function" id="_interface_8h_1a9cd898393288bc7dfdb1fc9d76457ab7" prot="public" static="no" const="no" explicit="no" inline="no" virt="non-virtual">
        <type>int</type>
        <definition>int movs</definition>
        <argsstring>(ESTADO *e)</argsstring>
        <name>movs</name>
        <param>
          <type><ref refid="struct_e_s_t_a_d_o" kindref="compound">ESTADO</ref> *</type>
          <declname>e</declname>
        </param>
        <briefdescription>
<para>Essa função nos dá os movimentos realizados até o momento. </para>
        </briefdescription>
        <detaileddescription>
<para><parameterlist kind="param"><parameteritem>
<parameternamelist>
<parametername>e</parametername>
</parameternamelist>
<parameterdescription>
<para>É o estado do jogo </para>
</parameterdescription>
</parameteritem>
</parameterlist>
</para>
        </detaileddescription>
        <inbodydescription>
        </inbodydescription>
        <location file="Trab de Li 2 ATUAL/Interface.h" line="33" column="5" bodyfile="Trab de Li 2 ATUAL/Interface.c" bodystart="197" bodyend="212" declfile="Trab de Li 2 ATUAL/Interface.h" declline="33" declcolumn="5"/>
      </memberdef>
      <memberdef kind="function" id="_interface_8h_1a4525a57d0cd9ed3c9150e19b67e1dad6" prot="public" static="no" const="no" explicit="no" inline="no" virt="non-virtual">
        <type>void</type>
        <definition>void mostrar_tabuleiro</definition>
        <argsstring>(ESTADO *estado)</argsstring>
        <name>mostrar_tabuleiro</name>
        <param>
          <type><ref refid="struct_e_s_t_a_d_o" kindref="compound">ESTADO</ref> *</type>
          <declname>estado</declname>
        </param>
        <briefdescription>
<para>Essa função mostra o tabuleiro atualizado. </para>
        </briefdescription>
        <detaileddescription>
<para><parameterlist kind="param"><parameteritem>
<parameternamelist>
<parametername>estado</parametername>
</parameternamelist>
<parameterdescription>
<para>É o estado a ser mostrado. </para>
</parameterdescription>
</parameteritem>
</parameterlist>
</para>
        </detaileddescription>
        <inbodydescription>
        </inbodydescription>
        <location file="Trab de Li 2 ATUAL/Interface.h" line="38" column="6" bodyfile="Trab de Li 2 ATUAL/Interface.c" bodystart="115" bodyend="142" declfile="Trab de Li 2 ATUAL/Interface.h" declline="38" declcolumn="6"/>
      </memberdef>
      <memberdef kind="function" id="_interface_8h_1a24da95ebeede4a540e37790ce8be359b" prot="public" static="no" const="no" explicit="no" inline="no" virt="non-virtual">
        <type>int</type>
        <definition>int interpretador</definition>
        <argsstring>(ESTADO *e)</argsstring>
        <name>interpretador</name>
        <param>
          <type><ref refid="struct_e_s_t_a_d_o" kindref="compound">ESTADO</ref> *</type>
          <declname>e</declname>
        </param>
        <briefdescription>
<para>Essa função interpreta os comandos do utilizador. </para>
        </briefdescription>
        <detaileddescription>
<para><parameterlist kind="param"><parameteritem>
<parameternamelist>
<parametername>e</parametername>
</parameternamelist>
<parameterdescription>
<para>É o estado atual. </para>
</parameterdescription>
</parameteritem>
</parameterlist>
</para>
        </detaileddescription>
        <inbodydescription>
        </inbodydescription>
        <location file="Trab de Li 2 ATUAL/Interface.h" line="43" column="5" bodyfile="Trab de Li 2 ATUAL/Interface.c" bodystart="144" bodyend="182" declfile="Trab de Li 2 ATUAL/Interface.h" declline="43" declcolumn="5"/>
      </memberdef>
      <memberdef kind="function" id="_interface_8h_1aa12c29340c66dea6b85486aafce73e58" prot="public" static="no" const="no" explicit="no" inline="no" virt="non-virtual">
        <type>void</type>
        <definition>void erros</definition>
        <argsstring>(int n)</argsstring>
        <name>erros</name>
        <param>
          <type>int</type>
          <declname>n</declname>
        </param>
        <briefdescription>
<para>Esta função escreve uma mensagem de erro. </para>
        </briefdescription>
        <detaileddescription>
<para><parameterlist kind="param"><parameteritem>
<parameternamelist>
<parametername>n</parametername>
</parameternamelist>
<parameterdescription>
<para>É o indicador do erro </para>
</parameterdescription>
</parameteritem>
</parameterlist>
</para>
        </detaileddescription>
        <inbodydescription>
        </inbodydescription>
        <location file="Trab de Li 2 ATUAL/Interface.h" line="48" column="6" bodyfile="Trab de Li 2 ATUAL/Interface.c" bodystart="214" bodyend="217" declfile="Trab de Li 2 ATUAL/Interface.h" declline="48" declcolumn="6"/>
      </memberdef>
      <memberdef kind="function" id="_interface_8h_1abc79096c61e8f7124d188824b2ecec7d" prot="public" static="no" const="no" explicit="no" inline="no" virt="non-virtual">
        <type>int</type>
        <definition>int char_int</definition>
        <argsstring>(char c)</argsstring>
        <name>char_int</name>
        <param>
          <type>char</type>
          <declname>c</declname>
        </param>
        <briefdescription>
<para>Essa função passa um char para um int. </para>
        </briefdescription>
        <detaileddescription>
<para><parameterlist kind="param"><parameteritem>
<parameternamelist>
<parametername>c</parametername>
</parameternamelist>
<parameterdescription>
<para>É o char a ser convertido. </para>
</parameterdescription>
</parameteritem>
</parameterlist>
</para>
        </detaileddescription>
        <inbodydescription>
        </inbodydescription>
        <location file="Trab de Li 2 ATUAL/Interface.h" line="54" column="5" bodyfile="Trab de Li 2 ATUAL/Interface.c" bodystart="109" bodyend="113" declfile="Trab de Li 2 ATUAL/Interface.h" declline="54" declcolumn="5"/>
      </memberdef>
      </sectiondef>
    <briefdescription>
    </briefdescription>
    <detaileddescription>
<para>Esta camada é responsavel por mostrar informações relacionadas ao jogo. </para>
    </detaileddescription>
    <programlisting>
<codeline lineno="1"></codeline>
<codeline lineno="6"><highlight class="preprocessor">#ifndef<sp/>TRABALHO_DE_LI_INTERFACE_H</highlight><highlight class="normal"></highlight></codeline>
<codeline lineno="7"><highlight class="normal"></highlight><highlight class="preprocessor">#define<sp/>TRABALHO_DE_LI_INTERFACE_H</highlight><highlight class="normal"></highlight></codeline>
<codeline lineno="8"><highlight class="normal"></highlight></codeline>
<codeline lineno="9"><highlight class="normal"></highlight><highlight class="preprocessor">#include<sp/>&quot;<ref refid="_dados_8h" kindref="compound">Dados.h</ref>&quot;</highlight><highlight class="normal"></highlight></codeline>
<codeline lineno="10"><highlight class="normal"></highlight><highlight class="preprocessor">#include<sp/>&quot;<ref refid="_logica_8h" kindref="compound">Logica.h</ref>&quot;</highlight><highlight class="normal"></highlight></codeline>
<codeline lineno="11"><highlight class="normal"></highlight></codeline>
<codeline lineno="17"><highlight class="keywordtype">int</highlight><highlight class="normal"><sp/><ref refid="_interface_8h_1abbd876b144cd2b43aa5f6ad551eb480b" kindref="member">gravar</ref>(<ref refid="struct_e_s_t_a_d_o" kindref="compound">ESTADO</ref><sp/>*estado,<sp/></highlight><highlight class="keywordtype">char</highlight><highlight class="normal"><sp/>filename[]);</highlight></codeline>
<codeline lineno="23"><highlight class="keywordtype">int</highlight><highlight class="normal"><sp/><ref refid="_interface_8h_1a13a5fd1ffeb05c1f7390581eb2ee7a05" kindref="member">lerfich</ref>(</highlight><highlight class="keywordtype">char</highlight><highlight class="normal"><sp/>filename[],<sp/><ref refid="struct_e_s_t_a_d_o" kindref="compound">ESTADO</ref><sp/>*estado);</highlight></codeline>
<codeline lineno="28"><highlight class="keywordtype">int</highlight><highlight class="normal"><sp/><ref refid="_interface_8h_1abe85a0d9f8b389b7747666bb2e39dbf8" kindref="member">write_coord</ref>(<ref refid="struct_c_o_o_r_d_e_n_a_d_a" kindref="compound">COORDENADA</ref><sp/>coord);</highlight></codeline>
<codeline lineno="33"><highlight class="keywordtype">int</highlight><highlight class="normal"><sp/><ref refid="_interface_8h_1a9cd898393288bc7dfdb1fc9d76457ab7" kindref="member">movs</ref>(<ref refid="struct_e_s_t_a_d_o" kindref="compound">ESTADO</ref><sp/>*e);</highlight></codeline>
<codeline lineno="38"><highlight class="keywordtype">void</highlight><highlight class="normal"><sp/><ref refid="_interface_8h_1a4525a57d0cd9ed3c9150e19b67e1dad6" kindref="member">mostrar_tabuleiro</ref><sp/>(<ref refid="struct_e_s_t_a_d_o" kindref="compound">ESTADO</ref><sp/>*estado);</highlight></codeline>
<codeline lineno="43"><highlight class="keywordtype">int</highlight><highlight class="normal"><sp/><ref refid="_interface_8h_1a24da95ebeede4a540e37790ce8be359b" kindref="member">interpretador</ref>(<ref refid="struct_e_s_t_a_d_o" kindref="compound">ESTADO</ref><sp/>*e);</highlight></codeline>
<codeline lineno="48"><highlight class="keywordtype">void</highlight><highlight class="normal"><sp/><ref refid="_interface_8h_1aa12c29340c66dea6b85486aafce73e58" kindref="member">erros</ref>(</highlight><highlight class="keywordtype">int</highlight><highlight class="normal"><sp/>n);</highlight></codeline>
<codeline lineno="49"><highlight class="normal"></highlight></codeline>
<codeline lineno="54"><highlight class="keywordtype">int</highlight><highlight class="normal"><sp/><ref refid="_interface_8h_1abc79096c61e8f7124d188824b2ecec7d" kindref="member">char_int</ref>(</highlight><highlight class="keywordtype">char</highlight><highlight class="normal"><sp/>c);</highlight></codeline>
<codeline lineno="55"><highlight class="normal"></highlight></codeline>
<codeline lineno="56"><highlight class="normal"></highlight><highlight class="preprocessor">#endif<sp/>//TRABALHO_DE_LI_INTERFACE_H</highlight></codeline>
    </programlisting>
    <location file="Trab de Li 2 ATUAL/Interface.h"/>
  </compounddef>
</doxygen>
