<?xml version='1.0' encoding='UTF-8' standalone='no'?>
<doxygen xmlns:xsi="http://www.w3.org/2001/XMLSchema-instance" xsi:noNamespaceSchemaLocation="compound.xsd" version="1.8.17">
  <compounddef id="_interface_8c" kind="file" language="C++">
    <compoundname>Interface.c</compoundname>
    <includes refid="_logica_8h" local="yes">Logica.h</includes>
    <includes refid="_dados_8h" local="yes">Dados.h</includes>
    <includes local="no">string.h</includes>
    <includes local="no">stdio.h</includes>
    <includes local="no">stdlib.h</includes>
    <incdepgraph>
      <node id="3">
        <label>Dados.h</label>
        <link refid="_dados_8h"/>
      </node>
      <node id="8">
        <label>stdlib.h</label>
      </node>
      <node id="5">
        <label>Listas.h</label>
        <link refid="_listas_8h"/>
      </node>
      <node id="2">
        <label>Logica.h</label>
        <link refid="_logica_8h"/>
        <childnode refid="3" relation="include">
        </childnode>
        <childnode refid="4" relation="include">
        </childnode>
        <childnode refid="5" relation="include">
        </childnode>
      </node>
      <node id="6">
        <label>string.h</label>
      </node>
      <node id="1">
        <label>Trab de Li 2 ATUAL/Interface.c</label>
        <link refid="_interface_8c"/>
        <childnode refid="2" relation="include">
        </childnode>
        <childnode refid="3" relation="include">
        </childnode>
        <childnode refid="6" relation="include">
        </childnode>
        <childnode refid="7" relation="include">
        </childnode>
        <childnode refid="8" relation="include">
        </childnode>
      </node>
      <node id="4">
        <label>Interface.h</label>
        <link refid="_interface_8h"/>
        <childnode refid="3" relation="include">
        </childnode>
        <childnode refid="2" relation="include">
        </childnode>
      </node>
      <node id="7">
        <label>stdio.h</label>
      </node>
    </incdepgraph>
      <sectiondef kind="define">
      <memberdef kind="define" id="_interface_8c_1a6821bafc3c88dfb2e433a095df9940c6" prot="public" static="no">
        <name>BUF_SIZE</name>
        <initializer>1024</initializer>
        <briefdescription>
        </briefdescription>
        <detaileddescription>
        </detaileddescription>
        <inbodydescription>
        </inbodydescription>
        <location file="Trab de Li 2 ATUAL/Interface.c" line="7" column="9" bodyfile="Trab de Li 2 ATUAL/Interface.c" bodystart="7" bodyend="-1"/>
      </memberdef>
      </sectiondef>
      <sectiondef kind="func">
      <memberdef kind="function" id="_interface_8c_1abbd876b144cd2b43aa5f6ad551eb480b" prot="public" static="no" const="no" explicit="no" inline="no" virt="non-virtual">
        <type>int</type>
        <definition>int gravar</definition>
        <argsstring>(ESTADO *estado, char filename[])</argsstring>
        <name>gravar</name>
        <param>
          <type><ref refid="struct_e_s_t_a_d_o" kindref="compound">ESTADO</ref> *</type>
          <declname>estado</declname>
        </param>
        <param>
          <type>char</type>
          <declname>filename</declname>
          <array>[]</array>
        </param>
        <briefdescription>
<para>Essa função cria um novo ficheiro onde é gravado o estado do jogo. </para>
        </briefdescription>
        <detaileddescription>
<para><parameterlist kind="param"><parameteritem>
<parameternamelist>
<parametername>estado</parametername>
</parameternamelist>
<parameterdescription>
<para>É o estado do jogo a ser gravado. </para>
</parameterdescription>
</parameteritem>
<parameteritem>
<parameternamelist>
<parametername>filename</parametername>
</parameternamelist>
<parameterdescription>
<para>É o nome do ficheiro. </para>
</parameterdescription>
</parameteritem>
</parameterlist>
</para>
        </detaileddescription>
        <inbodydescription>
        </inbodydescription>
        <location file="Trab de Li 2 ATUAL/Interface.c" line="9" column="5" bodyfile="Trab de Li 2 ATUAL/Interface.c" bodystart="9" bodyend="53"/>
      </memberdef>
      <memberdef kind="function" id="_interface_8c_1a13a5fd1ffeb05c1f7390581eb2ee7a05" prot="public" static="no" const="no" explicit="no" inline="no" virt="non-virtual">
        <type>int</type>
        <definition>int lerfich</definition>
        <argsstring>(char filename[], ESTADO *estado)</argsstring>
        <name>lerfich</name>
        <param>
          <type>char</type>
          <declname>filename</declname>
          <array>[]</array>
        </param>
        <param>
          <type><ref refid="struct_e_s_t_a_d_o" kindref="compound">ESTADO</ref> *</type>
          <declname>estado</declname>
        </param>
        <briefdescription>
<para>Essa função basicamente lê o ficheiro. </para>
        </briefdescription>
        <detaileddescription>
<para><parameterlist kind="param"><parameteritem>
<parameternamelist>
<parametername>filename</parametername>
</parameternamelist>
<parameterdescription>
<para>É o nome do ficheiro. </para>
</parameterdescription>
</parameteritem>
<parameteritem>
<parameternamelist>
<parametername>estado</parametername>
</parameternamelist>
<parameterdescription>
<para>É o estado a ser alterado. </para>
</parameterdescription>
</parameteritem>
</parameterlist>
</para>
        </detaileddescription>
        <inbodydescription>
        </inbodydescription>
        <location file="Trab de Li 2 ATUAL/Interface.c" line="56" column="5" bodyfile="Trab de Li 2 ATUAL/Interface.c" bodystart="56" bodyend="107"/>
      </memberdef>
      <memberdef kind="function" id="_interface_8c_1abc79096c61e8f7124d188824b2ecec7d" prot="public" static="no" const="no" explicit="no" inline="no" virt="non-virtual">
        <type>int</type>
        <definition>int char_int</definition>
        <argsstring>(char c)</argsstring>
        <name>char_int</name>
        <param>
          <type>char</type>
          <declname>c</declname>
        </param>
        <briefdescription>
<para>Essa função passa um char para um int. </para>
        </briefdescription>
        <detaileddescription>
<para><parameterlist kind="param"><parameteritem>
<parameternamelist>
<parametername>c</parametername>
</parameternamelist>
<parameterdescription>
<para>É o char a ser convertido. </para>
</parameterdescription>
</parameteritem>
</parameterlist>
</para>
        </detaileddescription>
        <inbodydescription>
        </inbodydescription>
        <location file="Trab de Li 2 ATUAL/Interface.c" line="109" column="5" bodyfile="Trab de Li 2 ATUAL/Interface.c" bodystart="109" bodyend="113"/>
      </memberdef>
      <memberdef kind="function" id="_interface_8c_1a4525a57d0cd9ed3c9150e19b67e1dad6" prot="public" static="no" const="no" explicit="no" inline="no" virt="non-virtual">
        <type>void</type>
        <definition>void mostrar_tabuleiro</definition>
        <argsstring>(ESTADO *estado)</argsstring>
        <name>mostrar_tabuleiro</name>
        <param>
          <type><ref refid="struct_e_s_t_a_d_o" kindref="compound">ESTADO</ref> *</type>
          <declname>estado</declname>
        </param>
        <briefdescription>
<para>Essa função mostra o tabuleiro atualizado. </para>
        </briefdescription>
        <detaileddescription>
<para><parameterlist kind="param"><parameteritem>
<parameternamelist>
<parametername>estado</parametername>
</parameternamelist>
<parameterdescription>
<para>É o estado a ser mostrado. </para>
</parameterdescription>
</parameteritem>
</parameterlist>
</para>
        </detaileddescription>
        <inbodydescription>
        </inbodydescription>
        <location file="Trab de Li 2 ATUAL/Interface.c" line="115" column="6" bodyfile="Trab de Li 2 ATUAL/Interface.c" bodystart="115" bodyend="142"/>
      </memberdef>
      <memberdef kind="function" id="_interface_8c_1a24da95ebeede4a540e37790ce8be359b" prot="public" static="no" const="no" explicit="no" inline="no" virt="non-virtual">
        <type>int</type>
        <definition>int interpretador</definition>
        <argsstring>(ESTADO *e)</argsstring>
        <name>interpretador</name>
        <param>
          <type><ref refid="struct_e_s_t_a_d_o" kindref="compound">ESTADO</ref> *</type>
          <declname>e</declname>
        </param>
        <briefdescription>
<para>Essa função interpreta os comandos do utilizador. </para>
        </briefdescription>
        <detaileddescription>
<para><parameterlist kind="param"><parameteritem>
<parameternamelist>
<parametername>e</parametername>
</parameternamelist>
<parameterdescription>
<para>É o estado atual. </para>
</parameterdescription>
</parameteritem>
</parameterlist>
</para>
        </detaileddescription>
        <inbodydescription>
        </inbodydescription>
        <location file="Trab de Li 2 ATUAL/Interface.c" line="144" column="5" bodyfile="Trab de Li 2 ATUAL/Interface.c" bodystart="144" bodyend="182"/>
      </memberdef>
      <memberdef kind="function" id="_interface_8c_1abe85a0d9f8b389b7747666bb2e39dbf8" prot="public" static="no" const="no" explicit="no" inline="no" virt="non-virtual">
        <type>int</type>
        <definition>int write_coord</definition>
        <argsstring>(COORDENADA coord)</argsstring>
        <name>write_coord</name>
        <param>
          <type><ref refid="struct_c_o_o_r_d_e_n_a_d_a" kindref="compound">COORDENADA</ref></type>
          <declname>coord</declname>
        </param>
        <briefdescription>
<para>Essa função basicamente nos dá a coordenada atual. </para>
        </briefdescription>
        <detaileddescription>
<para><parameterlist kind="param"><parameteritem>
<parameternamelist>
<parametername>coord</parametername>
</parameternamelist>
<parameterdescription>
<para>É uma coordenada </para>
</parameterdescription>
</parameteritem>
</parameterlist>
</para>
        </detaileddescription>
        <inbodydescription>
        </inbodydescription>
        <location file="Trab de Li 2 ATUAL/Interface.c" line="184" column="5" bodyfile="Trab de Li 2 ATUAL/Interface.c" bodystart="184" bodyend="195"/>
      </memberdef>
      <memberdef kind="function" id="_interface_8c_1a9cd898393288bc7dfdb1fc9d76457ab7" prot="public" static="no" const="no" explicit="no" inline="no" virt="non-virtual">
        <type>int</type>
        <definition>int movs</definition>
        <argsstring>(ESTADO *e)</argsstring>
        <name>movs</name>
        <param>
          <type><ref refid="struct_e_s_t_a_d_o" kindref="compound">ESTADO</ref> *</type>
          <declname>e</declname>
        </param>
        <briefdescription>
<para>Essa função nos dá os movimentos realizados até o momento. </para>
        </briefdescription>
        <detaileddescription>
<para><parameterlist kind="param"><parameteritem>
<parameternamelist>
<parametername>e</parametername>
</parameternamelist>
<parameterdescription>
<para>É o estado do jogo </para>
</parameterdescription>
</parameteritem>
</parameterlist>
</para>
        </detaileddescription>
        <inbodydescription>
        </inbodydescription>
        <location file="Trab de Li 2 ATUAL/Interface.c" line="197" column="5" bodyfile="Trab de Li 2 ATUAL/Interface.c" bodystart="197" bodyend="212"/>
      </memberdef>
      <memberdef kind="function" id="_interface_8c_1aa12c29340c66dea6b85486aafce73e58" prot="public" static="no" const="no" explicit="no" inline="no" virt="non-virtual">
        <type>void</type>
        <definition>void erros</definition>
        <argsstring>(int n)</argsstring>
        <name>erros</name>
        <param>
          <type>int</type>
          <declname>n</declname>
        </param>
        <briefdescription>
<para>Esta função escreve uma mensagem de erro. </para>
        </briefdescription>
        <detaileddescription>
<para><parameterlist kind="param"><parameteritem>
<parameternamelist>
<parametername>n</parametername>
</parameternamelist>
<parameterdescription>
<para>É o indicador do erro </para>
</parameterdescription>
</parameteritem>
</parameterlist>
</para>
        </detaileddescription>
        <inbodydescription>
        </inbodydescription>
        <location file="Trab de Li 2 ATUAL/Interface.c" line="214" column="6" bodyfile="Trab de Li 2 ATUAL/Interface.c" bodystart="214" bodyend="217"/>
      </memberdef>
      </sectiondef>
    <briefdescription>
    </briefdescription>
    <detaileddescription>
    </detaileddescription>
    <programlisting>
<codeline lineno="1"><highlight class="preprocessor">#include<sp/>&quot;<ref refid="_logica_8h" kindref="compound">Logica.h</ref>&quot;</highlight><highlight class="normal"></highlight></codeline>
<codeline lineno="2"><highlight class="normal"></highlight><highlight class="preprocessor">#include<sp/>&quot;<ref refid="_dados_8h" kindref="compound">Dados.h</ref>&quot;</highlight><highlight class="normal"></highlight></codeline>
<codeline lineno="3"><highlight class="normal"></highlight><highlight class="preprocessor">#include<sp/>&lt;string.h&gt;</highlight><highlight class="normal"></highlight></codeline>
<codeline lineno="4"><highlight class="normal"></highlight><highlight class="preprocessor">#include<sp/>&lt;stdio.h&gt;</highlight><highlight class="normal"></highlight></codeline>
<codeline lineno="5"><highlight class="normal"></highlight><highlight class="preprocessor">#include<sp/>&lt;stdlib.h&gt;</highlight><highlight class="normal"></highlight></codeline>
<codeline lineno="6"><highlight class="normal"></highlight></codeline>
<codeline lineno="7"><highlight class="normal"></highlight><highlight class="preprocessor">#define<sp/>BUF_SIZE<sp/>1024</highlight><highlight class="normal"></highlight></codeline>
<codeline lineno="8"><highlight class="normal"></highlight></codeline>
<codeline lineno="9"><highlight class="normal"></highlight><highlight class="keywordtype">int</highlight><highlight class="normal"><sp/><ref refid="_interface_8c_1abbd876b144cd2b43aa5f6ad551eb480b" kindref="member">gravar</ref>(<ref refid="struct_e_s_t_a_d_o" kindref="compound">ESTADO</ref><sp/>*estado,<sp/></highlight><highlight class="keywordtype">char</highlight><highlight class="normal"><sp/>filename[]){</highlight></codeline>
<codeline lineno="10"><highlight class="normal"><sp/><sp/><sp/><sp/>FILE<sp/>*fp;</highlight></codeline>
<codeline lineno="11"><highlight class="normal"><sp/><sp/><sp/><sp/></highlight><highlight class="comment">//strcat(filename,&quot;.txt&quot;);</highlight><highlight class="normal"></highlight></codeline>
<codeline lineno="12"><highlight class="normal"><sp/><sp/><sp/><sp/>fp<sp/>=<sp/>fopen(filename,</highlight><highlight class="stringliteral">&quot;w&quot;</highlight><highlight class="normal">);</highlight></codeline>
<codeline lineno="13"><highlight class="normal"><sp/><sp/><sp/><sp/></highlight><highlight class="keywordtype">int</highlight><highlight class="normal"><sp/>il<sp/>=<sp/>7;</highlight></codeline>
<codeline lineno="14"><highlight class="normal"><sp/><sp/><sp/><sp/></highlight><highlight class="keywordflow">while</highlight><highlight class="normal"><sp/>(il<sp/>&gt;=<sp/>0){</highlight></codeline>
<codeline lineno="15"><highlight class="normal"><sp/><sp/><sp/><sp/><sp/><sp/><sp/><sp/></highlight><highlight class="keywordtype">int</highlight><highlight class="normal"><sp/>ic<sp/>=<sp/>0;</highlight></codeline>
<codeline lineno="16"><highlight class="normal"><sp/><sp/><sp/><sp/><sp/><sp/><sp/><sp/></highlight><highlight class="keywordflow">while</highlight><highlight class="normal"><sp/>(ic<sp/>&lt;<sp/>8){</highlight></codeline>
<codeline lineno="17"><highlight class="normal"><sp/><sp/><sp/><sp/><sp/><sp/><sp/><sp/><sp/><sp/><sp/><sp/></highlight><highlight class="keywordflow">if</highlight><highlight class="normal"><sp/>(<ref refid="_dados_8c_1aaa1ed229d1bbebe93de9f27d13e4bfc2" kindref="member">obter_casa</ref>(estado,il,ic)<sp/>==<sp/><ref refid="_dados_8h_1aba91601f16d4c485b2d9b8c429f27039ab620e38b0268bee43c7e9a88bd6e73fa" kindref="member">UM</ref>)</highlight></codeline>
<codeline lineno="18"><highlight class="normal"><sp/><sp/><sp/><sp/><sp/><sp/><sp/><sp/><sp/><sp/><sp/><sp/><sp/><sp/><sp/><sp/>fprintf(fp,</highlight><highlight class="stringliteral">&quot;1&quot;</highlight><highlight class="normal">);</highlight></codeline>
<codeline lineno="19"><highlight class="normal"><sp/><sp/><sp/><sp/><sp/><sp/><sp/><sp/><sp/><sp/><sp/><sp/></highlight><highlight class="keywordflow">else</highlight><highlight class="normal"><sp/></highlight><highlight class="keywordflow">if</highlight><highlight class="normal"><sp/>(<ref refid="_dados_8c_1aaa1ed229d1bbebe93de9f27d13e4bfc2" kindref="member">obter_casa</ref>(estado,il,ic)<sp/>==<sp/><ref refid="_dados_8h_1aba91601f16d4c485b2d9b8c429f27039a2bf153109d0c8b96e61bc18d5be7c5da" kindref="member">DOIS</ref>)</highlight></codeline>
<codeline lineno="20"><highlight class="normal"><sp/><sp/><sp/><sp/><sp/><sp/><sp/><sp/><sp/><sp/><sp/><sp/><sp/><sp/><sp/><sp/>fprintf(fp,</highlight><highlight class="stringliteral">&quot;2&quot;</highlight><highlight class="normal">);</highlight></codeline>
<codeline lineno="21"><highlight class="normal"><sp/><sp/><sp/><sp/><sp/><sp/><sp/><sp/><sp/><sp/><sp/><sp/></highlight><highlight class="keywordflow">else</highlight><highlight class="normal"><sp/></highlight><highlight class="keywordflow">if</highlight><highlight class="normal"><sp/>(<ref refid="_dados_8c_1aaa1ed229d1bbebe93de9f27d13e4bfc2" kindref="member">obter_casa</ref>(estado,il,ic)<sp/>==<sp/><ref refid="_dados_8h_1aba91601f16d4c485b2d9b8c429f27039abc711f491a56ec7af7a688be508c5113" kindref="member">VAZIO</ref>)</highlight></codeline>
<codeline lineno="22"><highlight class="normal"><sp/><sp/><sp/><sp/><sp/><sp/><sp/><sp/><sp/><sp/><sp/><sp/><sp/><sp/><sp/><sp/>fprintf(fp,</highlight><highlight class="stringliteral">&quot;.&quot;</highlight><highlight class="normal">);</highlight></codeline>
<codeline lineno="23"><highlight class="normal"><sp/><sp/><sp/><sp/><sp/><sp/><sp/><sp/><sp/><sp/><sp/><sp/></highlight><highlight class="keywordflow">else</highlight><highlight class="normal"><sp/></highlight><highlight class="keywordflow">if</highlight><highlight class="normal"><sp/>(<ref refid="_dados_8c_1aaa1ed229d1bbebe93de9f27d13e4bfc2" kindref="member">obter_casa</ref>(estado,il,ic)<sp/>==<sp/><ref refid="_dados_8h_1aba91601f16d4c485b2d9b8c429f27039ad24485fddec75419fd4a0cc9edda0ca5" kindref="member">BRANCA</ref>)</highlight></codeline>
<codeline lineno="24"><highlight class="normal"><sp/><sp/><sp/><sp/><sp/><sp/><sp/><sp/><sp/><sp/><sp/><sp/><sp/><sp/><sp/><sp/>fprintf(fp,</highlight><highlight class="stringliteral">&quot;*&quot;</highlight><highlight class="normal">);</highlight></codeline>
<codeline lineno="25"><highlight class="normal"><sp/><sp/><sp/><sp/><sp/><sp/><sp/><sp/><sp/><sp/><sp/><sp/></highlight><highlight class="keywordflow">else</highlight><highlight class="normal"></highlight></codeline>
<codeline lineno="26"><highlight class="normal"><sp/><sp/><sp/><sp/><sp/><sp/><sp/><sp/><sp/><sp/><sp/><sp/><sp/><sp/><sp/><sp/>fprintf(fp,</highlight><highlight class="stringliteral">&quot;#&quot;</highlight><highlight class="normal">);</highlight></codeline>
<codeline lineno="27"><highlight class="normal"><sp/><sp/><sp/><sp/><sp/><sp/><sp/><sp/><sp/><sp/><sp/><sp/>ic++;</highlight></codeline>
<codeline lineno="28"><highlight class="normal"><sp/><sp/><sp/><sp/><sp/><sp/><sp/><sp/>}</highlight></codeline>
<codeline lineno="29"><highlight class="normal"><sp/><sp/><sp/><sp/><sp/><sp/><sp/><sp/>fprintf(fp,</highlight><highlight class="stringliteral">&quot;\n&quot;</highlight><highlight class="normal">);</highlight></codeline>
<codeline lineno="30"><highlight class="normal"><sp/><sp/><sp/><sp/><sp/><sp/><sp/><sp/>il--;</highlight></codeline>
<codeline lineno="31"><highlight class="normal"><sp/><sp/><sp/><sp/>}</highlight></codeline>
<codeline lineno="32"><highlight class="normal"><sp/><sp/><sp/><sp/></highlight><highlight class="keywordtype">int</highlight><highlight class="normal"><sp/>i<sp/>=<sp/>0;</highlight></codeline>
<codeline lineno="33"><highlight class="normal"><sp/><sp/><sp/><sp/></highlight><highlight class="keywordtype">char</highlight><highlight class="normal"><sp/>xc1;</highlight></codeline>
<codeline lineno="34"><highlight class="normal"><sp/><sp/><sp/><sp/></highlight><highlight class="keywordtype">char</highlight><highlight class="normal"><sp/>yc1;</highlight></codeline>
<codeline lineno="35"><highlight class="normal"><sp/><sp/><sp/><sp/></highlight><highlight class="keywordtype">char</highlight><highlight class="normal"><sp/>xc2;</highlight></codeline>
<codeline lineno="36"><highlight class="normal"><sp/><sp/><sp/><sp/></highlight><highlight class="keywordtype">char</highlight><highlight class="normal"><sp/>yc2;</highlight></codeline>
<codeline lineno="37"><highlight class="normal"><sp/><sp/><sp/><sp/>fprintf(fp,</highlight><highlight class="stringliteral">&quot;\n&quot;</highlight><highlight class="normal">);</highlight></codeline>
<codeline lineno="38"><highlight class="normal"><sp/><sp/><sp/><sp/></highlight><highlight class="keywordflow">while</highlight><highlight class="normal"><sp/>(i<sp/>&lt;<sp/>(<ref refid="_dados_8c_1a6cd0b387bdee9e18003c78852394aa63" kindref="member">obter_numero_de_jogadas</ref>(estado)-1)){</highlight></codeline>
<codeline lineno="39"><highlight class="normal"><sp/><sp/><sp/><sp/><sp/><sp/><sp/><sp/>xc1<sp/>=<sp/><ref refid="_dados_8c_1a9f0dd79778fc7f41098b93a1e29bdcb9" kindref="member">conv_c</ref>(<ref refid="_dados_8c_1a193d8b430c7cdf263d03e2d557e0ebeb" kindref="member">obter_coluna</ref>(estado,1,i));</highlight></codeline>
<codeline lineno="40"><highlight class="normal"><sp/><sp/><sp/><sp/><sp/><sp/><sp/><sp/>yc1<sp/>=<sp/><ref refid="_dados_8c_1acb70dbd3905a451c8d815addb17b9c3a" kindref="member">conv_l</ref>(<ref refid="_dados_8c_1aa5d95d7b98978570b798964a3de01d24" kindref="member">obter_linha</ref>(estado,1,i));</highlight></codeline>
<codeline lineno="41"><highlight class="normal"><sp/><sp/><sp/><sp/><sp/><sp/><sp/><sp/>xc2<sp/>=<sp/><ref refid="_dados_8c_1a9f0dd79778fc7f41098b93a1e29bdcb9" kindref="member">conv_c</ref>(<ref refid="_dados_8c_1a193d8b430c7cdf263d03e2d557e0ebeb" kindref="member">obter_coluna</ref>(estado,2,i));</highlight></codeline>
<codeline lineno="42"><highlight class="normal"><sp/><sp/><sp/><sp/><sp/><sp/><sp/><sp/>yc2<sp/>=<sp/><ref refid="_dados_8c_1acb70dbd3905a451c8d815addb17b9c3a" kindref="member">conv_l</ref>(<ref refid="_dados_8c_1aa5d95d7b98978570b798964a3de01d24" kindref="member">obter_linha</ref>(estado,2,i));</highlight></codeline>
<codeline lineno="43"><highlight class="normal"><sp/><sp/><sp/><sp/><sp/><sp/><sp/><sp/>fprintf(fp,</highlight><highlight class="stringliteral">&quot;%02d:<sp/>%c%c<sp/>%c%c\n&quot;</highlight><highlight class="normal">,i+1,xc1,yc1,xc2,yc2);</highlight></codeline>
<codeline lineno="44"><highlight class="normal"><sp/><sp/><sp/><sp/><sp/><sp/><sp/><sp/>i++;</highlight></codeline>
<codeline lineno="45"><highlight class="normal"><sp/><sp/><sp/><sp/>}</highlight></codeline>
<codeline lineno="46"><highlight class="normal"><sp/><sp/><sp/><sp/></highlight><highlight class="keywordflow">if</highlight><highlight class="normal"><sp/>(<ref refid="_dados_8c_1ad6e326e4ffa57ca1ae0c75377ecefc8c" kindref="member">obter_jogador_atual</ref>(estado)<sp/>==<sp/>2)<sp/>{</highlight></codeline>
<codeline lineno="47"><highlight class="normal"><sp/><sp/><sp/><sp/><sp/><sp/><sp/><sp/>xc1<sp/>=<sp/><ref refid="_dados_8c_1a9f0dd79778fc7f41098b93a1e29bdcb9" kindref="member">conv_c</ref>(<ref refid="_dados_8c_1a193d8b430c7cdf263d03e2d557e0ebeb" kindref="member">obter_coluna</ref>(estado,1,i));</highlight></codeline>
<codeline lineno="48"><highlight class="normal"><sp/><sp/><sp/><sp/><sp/><sp/><sp/><sp/>yc1<sp/>=<sp/><ref refid="_dados_8c_1acb70dbd3905a451c8d815addb17b9c3a" kindref="member">conv_l</ref>(<ref refid="_dados_8c_1aa5d95d7b98978570b798964a3de01d24" kindref="member">obter_linha</ref>(estado,1,i));</highlight></codeline>
<codeline lineno="49"><highlight class="normal"><sp/><sp/><sp/><sp/><sp/><sp/><sp/><sp/>fprintf(fp,</highlight><highlight class="stringliteral">&quot;%02d:<sp/>%c%c&quot;</highlight><highlight class="normal">,<ref refid="_dados_8c_1a6cd0b387bdee9e18003c78852394aa63" kindref="member">obter_numero_de_jogadas</ref>(estado),xc1,yc1);</highlight></codeline>
<codeline lineno="50"><highlight class="normal"><sp/><sp/><sp/><sp/>}</highlight></codeline>
<codeline lineno="51"><highlight class="normal"><sp/><sp/><sp/><sp/>fclose(fp);</highlight></codeline>
<codeline lineno="52"><highlight class="normal"><sp/><sp/><sp/><sp/></highlight><highlight class="keywordflow">return</highlight><highlight class="normal">(0);</highlight></codeline>
<codeline lineno="53"><highlight class="normal">}</highlight></codeline>
<codeline lineno="54"><highlight class="normal"></highlight></codeline>
<codeline lineno="55"><highlight class="normal"></highlight></codeline>
<codeline lineno="56"><highlight class="normal"></highlight><highlight class="keywordtype">int</highlight><highlight class="normal"><sp/><ref refid="_interface_8c_1a13a5fd1ffeb05c1f7390581eb2ee7a05" kindref="member">lerfich</ref>(</highlight><highlight class="keywordtype">char</highlight><highlight class="normal"><sp/>filename[],<sp/><ref refid="struct_e_s_t_a_d_o" kindref="compound">ESTADO</ref><sp/>*estado)<sp/>{</highlight></codeline>
<codeline lineno="57"><highlight class="normal"><sp/><sp/><sp/><sp/></highlight><highlight class="keywordtype">int</highlight><highlight class="normal"><sp/>nl<sp/>=<sp/>7;</highlight></codeline>
<codeline lineno="58"><highlight class="normal"><sp/><sp/><sp/><sp/></highlight><highlight class="keywordtype">int</highlight><highlight class="normal"><sp/>nc;</highlight></codeline>
<codeline lineno="59"><highlight class="normal"><sp/><sp/><sp/><sp/></highlight><highlight class="keywordtype">char</highlight><highlight class="normal"><sp/>c;</highlight></codeline>
<codeline lineno="60"><highlight class="normal"><sp/><sp/><sp/><sp/>FILE<sp/>*rf;</highlight></codeline>
<codeline lineno="61"><highlight class="normal"><sp/><sp/><sp/><sp/></highlight><highlight class="keywordflow">if</highlight><highlight class="normal"><sp/>((rf<sp/>=<sp/>fopen(filename,<sp/></highlight><highlight class="stringliteral">&quot;r&quot;</highlight><highlight class="normal">))<sp/>==<sp/>NULL)<sp/>{</highlight></codeline>
<codeline lineno="62"><highlight class="normal"><sp/><sp/><sp/><sp/><sp/><sp/><sp/><sp/>printf(</highlight><highlight class="stringliteral">&quot;Ficheiro<sp/>nao<sp/>encontrado&gt;&quot;</highlight><highlight class="normal">);</highlight></codeline>
<codeline lineno="63"><highlight class="normal"><sp/><sp/><sp/><sp/><sp/><sp/><sp/><sp/></highlight><highlight class="keywordflow">return</highlight><highlight class="normal"><sp/>0;</highlight></codeline>
<codeline lineno="64"><highlight class="normal"><sp/><sp/><sp/><sp/>}</highlight></codeline>
<codeline lineno="65"><highlight class="normal"><sp/><sp/><sp/><sp/></highlight><highlight class="keywordflow">while</highlight><highlight class="normal"><sp/>(nl<sp/>&gt;=<sp/>0)<sp/>{</highlight></codeline>
<codeline lineno="66"><highlight class="normal"><sp/><sp/><sp/><sp/><sp/><sp/><sp/><sp/>nc<sp/>=<sp/>0;</highlight></codeline>
<codeline lineno="67"><highlight class="normal"><sp/><sp/><sp/><sp/><sp/><sp/><sp/><sp/></highlight><highlight class="keywordflow">while</highlight><highlight class="normal"><sp/>(nc<sp/>&lt;=<sp/>7)<sp/>{</highlight></codeline>
<codeline lineno="68"><highlight class="normal"><sp/><sp/><sp/><sp/><sp/><sp/><sp/><sp/><sp/><sp/><sp/><sp/>c<sp/>=<sp/>(char)fgetc(rf);</highlight></codeline>
<codeline lineno="69"><highlight class="normal"><sp/><sp/><sp/><sp/><sp/><sp/><sp/><sp/><sp/><sp/><sp/><sp/></highlight><highlight class="keywordflow">if</highlight><highlight class="normal"><sp/>(c<sp/>==<sp/></highlight><highlight class="charliteral">&apos;\n&apos;</highlight><highlight class="normal">)</highlight></codeline>
<codeline lineno="70"><highlight class="normal"><sp/><sp/><sp/><sp/><sp/><sp/><sp/><sp/><sp/><sp/><sp/><sp/><sp/><sp/><sp/><sp/>nc--;</highlight></codeline>
<codeline lineno="71"><highlight class="normal"><sp/><sp/><sp/><sp/><sp/><sp/><sp/><sp/><sp/><sp/><sp/><sp/></highlight><highlight class="keywordflow">else</highlight><highlight class="normal"></highlight></codeline>
<codeline lineno="72"><highlight class="normal"><sp/><sp/><sp/><sp/><sp/><sp/><sp/><sp/><sp/><sp/><sp/><sp/><sp/><sp/><sp/><sp/><ref refid="_dados_8c_1a4bf4d4f1ccce3b17ef05423cd366b9e0" kindref="member">alteracasa</ref>(estado,<sp/>nc,<sp/>nl,<sp/><ref refid="_logica_8c_1a907bfeffe2704d04fad9c185bac094b3" kindref="member">qualcasa</ref>(c));</highlight></codeline>
<codeline lineno="73"><highlight class="normal"><sp/><sp/><sp/><sp/><sp/><sp/><sp/><sp/><sp/><sp/><sp/><sp/>nc++;</highlight></codeline>
<codeline lineno="74"><highlight class="normal"><sp/><sp/><sp/><sp/><sp/><sp/><sp/><sp/>}</highlight></codeline>
<codeline lineno="75"><highlight class="normal"><sp/><sp/><sp/><sp/><sp/><sp/><sp/><sp/>nl--;</highlight></codeline>
<codeline lineno="76"><highlight class="normal"><sp/><sp/><sp/><sp/>}</highlight></codeline>
<codeline lineno="77"><highlight class="normal"><sp/><sp/><sp/><sp/>fseek(rf,<sp/>82,<sp/>SEEK_SET);</highlight></codeline>
<codeline lineno="78"><highlight class="normal"><sp/><sp/><sp/><sp/></highlight><highlight class="keywordtype">char</highlight><highlight class="normal"><sp/>nj;</highlight></codeline>
<codeline lineno="79"><highlight class="normal"><sp/><sp/><sp/><sp/></highlight><highlight class="keywordtype">char</highlight><highlight class="normal"><sp/>ch1<sp/>=<sp/></highlight><highlight class="charliteral">&apos;e&apos;</highlight><highlight class="normal">;</highlight></codeline>
<codeline lineno="80"><highlight class="normal"><sp/><sp/><sp/><sp/></highlight><highlight class="keywordtype">char</highlight><highlight class="normal"><sp/>ch2<sp/>=<sp/></highlight><highlight class="charliteral">&apos;e&apos;</highlight><highlight class="normal">;</highlight></codeline>
<codeline lineno="81"><highlight class="normal"><sp/><sp/><sp/><sp/></highlight><highlight class="keywordtype">char</highlight><highlight class="normal"><sp/>l1<sp/>=<sp/>5;</highlight></codeline>
<codeline lineno="82"><highlight class="normal"><sp/><sp/><sp/><sp/></highlight><highlight class="keywordtype">char</highlight><highlight class="normal"><sp/>l2<sp/>=<sp/>5;</highlight></codeline>
<codeline lineno="83"><highlight class="normal"><sp/><sp/><sp/><sp/></highlight><highlight class="keywordtype">int</highlight><highlight class="normal"><sp/>c1<sp/>=<sp/>5;</highlight></codeline>
<codeline lineno="84"><highlight class="normal"><sp/><sp/><sp/><sp/></highlight><highlight class="keywordtype">int</highlight><highlight class="normal"><sp/>c2<sp/>=<sp/>5;</highlight></codeline>
<codeline lineno="85"><highlight class="normal"><sp/><sp/><sp/><sp/></highlight><highlight class="keywordflow">while</highlight><highlight class="normal"><sp/>(fscanf(rf,<sp/></highlight><highlight class="stringliteral">&quot;%c:<sp/>%c%c<sp/>%c%c\n&quot;</highlight><highlight class="normal">,<sp/>&amp;nj,<sp/>&amp;ch1,<sp/>&amp;l1,<sp/>&amp;ch2,<sp/>&amp;l2)<sp/>!=<sp/>EOF)<sp/>{</highlight></codeline>
<codeline lineno="86"><highlight class="normal"><sp/><sp/><sp/><sp/><sp/><sp/><sp/><sp/>c1<sp/>=<sp/><ref refid="_interface_8c_1abc79096c61e8f7124d188824b2ecec7d" kindref="member">char_int</ref>(ch1);</highlight></codeline>
<codeline lineno="87"><highlight class="normal"><sp/><sp/><sp/><sp/><sp/><sp/><sp/><sp/><ref refid="_dados_8c_1a09b3a38b3ae012990530ac8107d80569" kindref="member">guarda_jogada</ref>(estado,<sp/>1,<sp/><ref refid="_interface_8c_1abc79096c61e8f7124d188824b2ecec7d" kindref="member">char_int</ref>(nj)<sp/>-<sp/>1,<sp/><ref refid="_interface_8c_1abc79096c61e8f7124d188824b2ecec7d" kindref="member">char_int</ref>(l1)<sp/>-<sp/>1,<sp/>c1);</highlight></codeline>
<codeline lineno="88"><highlight class="normal"><sp/><sp/><sp/><sp/><sp/><sp/><sp/><sp/>c2<sp/>=<sp/><ref refid="_interface_8c_1abc79096c61e8f7124d188824b2ecec7d" kindref="member">char_int</ref>(ch2);</highlight></codeline>
<codeline lineno="89"><highlight class="normal"><sp/><sp/><sp/><sp/><sp/><sp/><sp/><sp/><ref refid="_dados_8c_1a09b3a38b3ae012990530ac8107d80569" kindref="member">guarda_jogada</ref>(estado,<sp/>2,<sp/><ref refid="_interface_8c_1abc79096c61e8f7124d188824b2ecec7d" kindref="member">char_int</ref>(nj)<sp/>-<sp/>1,<sp/><ref refid="_interface_8c_1abc79096c61e8f7124d188824b2ecec7d" kindref="member">char_int</ref>(l2)<sp/>-<sp/>1,<sp/>c2);</highlight></codeline>
<codeline lineno="90"><highlight class="normal"><sp/><sp/><sp/><sp/><sp/><sp/><sp/><sp/>l2<sp/>=<sp/>5;</highlight></codeline>
<codeline lineno="91"><highlight class="normal"><sp/><sp/><sp/><sp/><sp/><sp/><sp/><sp/>ch2<sp/>=<sp/></highlight><highlight class="charliteral">&apos;e&apos;</highlight><highlight class="normal">;</highlight></codeline>
<codeline lineno="92"><highlight class="normal"><sp/><sp/><sp/><sp/>}</highlight></codeline>
<codeline lineno="93"><highlight class="normal"><sp/><sp/><sp/><sp/><ref refid="_dados_8c_1a616a1f3045d63dda6820e06ab87b42ce" kindref="member">guarda_num_jogs</ref>(estado,<sp/>nj<sp/>+<sp/>1);</highlight></codeline>
<codeline lineno="94"><highlight class="normal"><sp/><sp/><sp/><sp/></highlight><highlight class="keywordflow">if</highlight><highlight class="normal"><sp/>((<ref refid="_dados_8c_1a193d8b430c7cdf263d03e2d557e0ebeb" kindref="member">obter_coluna</ref>(estado,2,nj)<sp/>!=<sp/>4)&amp;&amp;(<ref refid="_dados_8c_1aa5d95d7b98978570b798964a3de01d24" kindref="member">obter_linha</ref>(estado,2,nj))<sp/>!=<sp/>4){</highlight></codeline>
<codeline lineno="95"><highlight class="normal"><sp/><sp/><sp/><sp/><sp/><sp/><sp/><sp/><ref refid="_dados_8c_1ae7bce55ca6469ed653b6b668d652504d" kindref="member">guardar_jogador</ref>(estado,<sp/>1);</highlight></codeline>
<codeline lineno="96"><highlight class="normal"><sp/><sp/><sp/><sp/><sp/><sp/><sp/><sp/><ref refid="_dados_8c_1a616a1f3045d63dda6820e06ab87b42ce" kindref="member">guarda_num_jogs</ref>(estado,<sp/>nj<sp/>+<sp/>1);</highlight></codeline>
<codeline lineno="97"><highlight class="normal"><sp/><sp/><sp/><sp/><sp/><sp/><sp/><sp/><ref refid="_dados_8c_1a0cecf912ae5bddea7a59d684c7cfe1ba" kindref="member">guarda_ultima_jog</ref>(estado,l2-1,c2);</highlight></codeline>
<codeline lineno="98"><highlight class="normal"><sp/><sp/><sp/><sp/>}</highlight></codeline>
<codeline lineno="99"><highlight class="normal"><sp/><sp/><sp/><sp/></highlight><highlight class="keywordflow">else</highlight><highlight class="normal">{</highlight></codeline>
<codeline lineno="100"><highlight class="normal"><sp/><sp/><sp/><sp/><sp/><sp/><sp/><sp/><ref refid="_dados_8c_1ae7bce55ca6469ed653b6b668d652504d" kindref="member">guardar_jogador</ref>(estado,2);</highlight></codeline>
<codeline lineno="101"><highlight class="normal"><sp/><sp/><sp/><sp/><sp/><sp/><sp/><sp/><ref refid="_dados_8c_1a616a1f3045d63dda6820e06ab87b42ce" kindref="member">guarda_num_jogs</ref>(estado,<sp/>nj);</highlight></codeline>
<codeline lineno="102"><highlight class="normal"><sp/><sp/><sp/><sp/><sp/><sp/><sp/><sp/><ref refid="_dados_8c_1a0cecf912ae5bddea7a59d684c7cfe1ba" kindref="member">guarda_ultima_jog</ref>(estado,l1-1,c1);</highlight></codeline>
<codeline lineno="103"><highlight class="normal"><sp/><sp/><sp/><sp/>}</highlight></codeline>
<codeline lineno="104"><highlight class="normal"><sp/><sp/><sp/><sp/>fclose(rf);</highlight></codeline>
<codeline lineno="105"><highlight class="normal"><sp/><sp/><sp/><sp/><ref refid="_interface_8c_1a4525a57d0cd9ed3c9150e19b67e1dad6" kindref="member">mostrar_tabuleiro</ref>(estado);</highlight></codeline>
<codeline lineno="106"><highlight class="normal"><sp/><sp/><sp/><sp/></highlight><highlight class="keywordflow">return</highlight><highlight class="normal"><sp/>1;</highlight></codeline>
<codeline lineno="107"><highlight class="normal">}</highlight></codeline>
<codeline lineno="108"><highlight class="normal"></highlight></codeline>
<codeline lineno="109"><highlight class="normal"></highlight><highlight class="keywordtype">int</highlight><highlight class="normal"><sp/><ref refid="_interface_8c_1abc79096c61e8f7124d188824b2ecec7d" kindref="member">char_int</ref>(</highlight><highlight class="keywordtype">char</highlight><highlight class="normal"><sp/>c){</highlight></codeline>
<codeline lineno="110"><highlight class="normal"><sp/><sp/><sp/><sp/></highlight><highlight class="keywordtype">int</highlight><highlight class="normal"><sp/>x;</highlight></codeline>
<codeline lineno="111"><highlight class="normal"><sp/><sp/><sp/><sp/>x<sp/>=<sp/>c<sp/>-<sp/></highlight><highlight class="charliteral">&apos;a&apos;</highlight><highlight class="normal">;</highlight></codeline>
<codeline lineno="112"><highlight class="normal"><sp/><sp/><sp/><sp/></highlight><highlight class="keywordflow">return</highlight><highlight class="normal"><sp/>x;</highlight></codeline>
<codeline lineno="113"><highlight class="normal">}</highlight></codeline>
<codeline lineno="114"><highlight class="normal"></highlight></codeline>
<codeline lineno="115"><highlight class="normal"></highlight><highlight class="keywordtype">void</highlight><highlight class="normal"><sp/><ref refid="_interface_8c_1a4525a57d0cd9ed3c9150e19b67e1dad6" kindref="member">mostrar_tabuleiro</ref><sp/>(<ref refid="struct_e_s_t_a_d_o" kindref="compound">ESTADO</ref><sp/>*estado){</highlight></codeline>
<codeline lineno="116"><highlight class="normal"><sp/><sp/><sp/><sp/></highlight><highlight class="keywordtype">int</highlight><highlight class="normal"><sp/>il<sp/>=<sp/>7;</highlight></codeline>
<codeline lineno="117"><highlight class="normal"><sp/><sp/><sp/><sp/></highlight><highlight class="keywordtype">int</highlight><highlight class="normal"><sp/>njogador;</highlight></codeline>
<codeline lineno="118"><highlight class="normal"><sp/><sp/><sp/><sp/></highlight><highlight class="keywordtype">int</highlight><highlight class="normal"><sp/>jogadatual;</highlight></codeline>
<codeline lineno="119"><highlight class="normal"><sp/><sp/><sp/><sp/>njogador<sp/>=<sp/><ref refid="_dados_8c_1ad6e326e4ffa57ca1ae0c75377ecefc8c" kindref="member">obter_jogador_atual</ref>(estado);</highlight></codeline>
<codeline lineno="120"><highlight class="normal"><sp/><sp/><sp/><sp/>jogadatual<sp/>=<sp/><ref refid="_dados_8c_1a6cd0b387bdee9e18003c78852394aa63" kindref="member">obter_numero_de_jogadas</ref>(estado);</highlight></codeline>
<codeline lineno="121"><highlight class="normal"><sp/><sp/><sp/><sp/></highlight><highlight class="keywordflow">while</highlight><highlight class="normal"><sp/>(il<sp/>&gt;=<sp/>0){</highlight></codeline>
<codeline lineno="122"><highlight class="normal"><sp/><sp/><sp/><sp/><sp/><sp/><sp/><sp/></highlight><highlight class="keywordtype">int</highlight><highlight class="normal"><sp/>ic<sp/>=<sp/>0;</highlight></codeline>
<codeline lineno="123"><highlight class="normal"><sp/><sp/><sp/><sp/><sp/><sp/><sp/><sp/>printf(</highlight><highlight class="stringliteral">&quot;%d<sp/>&quot;</highlight><highlight class="normal">,(il+1));</highlight></codeline>
<codeline lineno="124"><highlight class="normal"><sp/><sp/><sp/><sp/><sp/><sp/><sp/><sp/></highlight><highlight class="keywordflow">while</highlight><highlight class="normal"><sp/>(ic<sp/>&lt;<sp/>8){</highlight></codeline>
<codeline lineno="125"><highlight class="normal"><sp/><sp/><sp/><sp/><sp/><sp/><sp/><sp/><sp/><sp/><sp/><sp/></highlight><highlight class="keywordflow">if</highlight><highlight class="normal"><sp/>(<ref refid="_dados_8c_1aaa1ed229d1bbebe93de9f27d13e4bfc2" kindref="member">obter_casa</ref>(estado,<sp/>il,<sp/>ic)<sp/>==<sp/><ref refid="_dados_8h_1aba91601f16d4c485b2d9b8c429f27039ab620e38b0268bee43c7e9a88bd6e73fa" kindref="member">UM</ref>)</highlight></codeline>
<codeline lineno="126"><highlight class="normal"><sp/><sp/><sp/><sp/><sp/><sp/><sp/><sp/><sp/><sp/><sp/><sp/><sp/><sp/><sp/><sp/>printf(</highlight><highlight class="stringliteral">&quot;1<sp/>&quot;</highlight><highlight class="normal">);</highlight></codeline>
<codeline lineno="127"><highlight class="normal"><sp/><sp/><sp/><sp/><sp/><sp/><sp/><sp/><sp/><sp/><sp/><sp/></highlight><highlight class="keywordflow">else</highlight><highlight class="normal"><sp/></highlight><highlight class="keywordflow">if</highlight><highlight class="normal"><sp/>(<ref refid="_dados_8c_1aaa1ed229d1bbebe93de9f27d13e4bfc2" kindref="member">obter_casa</ref>(estado,<sp/>il,<sp/>ic)<sp/>==<sp/><ref refid="_dados_8h_1aba91601f16d4c485b2d9b8c429f27039a2bf153109d0c8b96e61bc18d5be7c5da" kindref="member">DOIS</ref>)</highlight></codeline>
<codeline lineno="128"><highlight class="normal"><sp/><sp/><sp/><sp/><sp/><sp/><sp/><sp/><sp/><sp/><sp/><sp/><sp/><sp/><sp/><sp/>printf(</highlight><highlight class="stringliteral">&quot;2&quot;</highlight><highlight class="normal">);</highlight></codeline>
<codeline lineno="129"><highlight class="normal"><sp/><sp/><sp/><sp/><sp/><sp/><sp/><sp/><sp/><sp/><sp/><sp/></highlight><highlight class="keywordflow">else</highlight><highlight class="normal"><sp/></highlight><highlight class="keywordflow">if</highlight><highlight class="normal"><sp/>(<ref refid="_dados_8c_1aaa1ed229d1bbebe93de9f27d13e4bfc2" kindref="member">obter_casa</ref>(estado,<sp/>il,<sp/>ic)<sp/>==<sp/><ref refid="_dados_8h_1aba91601f16d4c485b2d9b8c429f27039abc711f491a56ec7af7a688be508c5113" kindref="member">VAZIO</ref>)</highlight></codeline>
<codeline lineno="130"><highlight class="normal"><sp/><sp/><sp/><sp/><sp/><sp/><sp/><sp/><sp/><sp/><sp/><sp/><sp/><sp/><sp/><sp/>printf(</highlight><highlight class="stringliteral">&quot;.<sp/>&quot;</highlight><highlight class="normal">);</highlight></codeline>
<codeline lineno="131"><highlight class="normal"><sp/><sp/><sp/><sp/><sp/><sp/><sp/><sp/><sp/><sp/><sp/><sp/></highlight><highlight class="keywordflow">else</highlight><highlight class="normal"><sp/></highlight><highlight class="keywordflow">if</highlight><highlight class="normal"><sp/>(<ref refid="_dados_8c_1aaa1ed229d1bbebe93de9f27d13e4bfc2" kindref="member">obter_casa</ref>(estado,<sp/>il,<sp/>ic)<sp/>==<sp/><ref refid="_dados_8h_1aba91601f16d4c485b2d9b8c429f27039ad24485fddec75419fd4a0cc9edda0ca5" kindref="member">BRANCA</ref>)</highlight></codeline>
<codeline lineno="132"><highlight class="normal"><sp/><sp/><sp/><sp/><sp/><sp/><sp/><sp/><sp/><sp/><sp/><sp/><sp/><sp/><sp/><sp/>printf(</highlight><highlight class="stringliteral">&quot;*<sp/>&quot;</highlight><highlight class="normal">);</highlight></codeline>
<codeline lineno="133"><highlight class="normal"><sp/><sp/><sp/><sp/><sp/><sp/><sp/><sp/><sp/><sp/><sp/><sp/></highlight><highlight class="keywordflow">else</highlight><highlight class="normal"></highlight></codeline>
<codeline lineno="134"><highlight class="normal"><sp/><sp/><sp/><sp/><sp/><sp/><sp/><sp/><sp/><sp/><sp/><sp/><sp/><sp/><sp/><sp/>printf(</highlight><highlight class="stringliteral">&quot;#<sp/>&quot;</highlight><highlight class="normal">);</highlight></codeline>
<codeline lineno="135"><highlight class="normal"><sp/><sp/><sp/><sp/><sp/><sp/><sp/><sp/><sp/><sp/><sp/><sp/>ic++;</highlight></codeline>
<codeline lineno="136"><highlight class="normal"><sp/><sp/><sp/><sp/><sp/><sp/><sp/><sp/>}</highlight></codeline>
<codeline lineno="137"><highlight class="normal"><sp/><sp/><sp/><sp/><sp/><sp/><sp/><sp/>printf(</highlight><highlight class="stringliteral">&quot;\n&quot;</highlight><highlight class="normal">);</highlight></codeline>
<codeline lineno="138"><highlight class="normal"><sp/><sp/><sp/><sp/><sp/><sp/><sp/><sp/>il--;</highlight></codeline>
<codeline lineno="139"><highlight class="normal"><sp/><sp/><sp/><sp/>}</highlight></codeline>
<codeline lineno="140"><highlight class="normal"><sp/><sp/><sp/><sp/>printf<sp/>(</highlight><highlight class="stringliteral">&quot;<sp/><sp/>a<sp/>b<sp/>c<sp/>d<sp/>e<sp/>f<sp/>g<sp/>h<sp/>\n&quot;</highlight><highlight class="normal">);</highlight></codeline>
<codeline lineno="141"><highlight class="normal"><sp/><sp/><sp/><sp/>printf(</highlight><highlight class="stringliteral">&quot;(%d,%d)<sp/>Player%d<sp/>(%d)&gt;&quot;</highlight><highlight class="normal">,<sp/>(<ref refid="_dados_8c_1a7404297692d7f4b41adc3aaeb879a3b6" kindref="member">obter_coluna_ult</ref>(estado)),<sp/>(<ref refid="_dados_8c_1a9c353ba627e6e10a25e2c44f0fa10d25" kindref="member">obter_linha_ult</ref>(estado)),<sp/>njogador,<sp/>jogadatual);</highlight></codeline>
<codeline lineno="142"><highlight class="normal">}</highlight></codeline>
<codeline lineno="143"><highlight class="normal"></highlight></codeline>
<codeline lineno="144"><highlight class="normal"></highlight><highlight class="keywordtype">int</highlight><highlight class="normal"><sp/><ref refid="_interface_8c_1a24da95ebeede4a540e37790ce8be359b" kindref="member">interpretador</ref>(<ref refid="struct_e_s_t_a_d_o" kindref="compound">ESTADO</ref><sp/>*e)<sp/>{</highlight></codeline>
<codeline lineno="145"><highlight class="normal"><sp/><sp/><sp/><sp/></highlight><highlight class="keywordtype">char</highlight><highlight class="normal"><sp/>linha[<ref refid="_interface_8c_1a6821bafc3c88dfb2e433a095df9940c6" kindref="member">BUF_SIZE</ref>];</highlight></codeline>
<codeline lineno="146"><highlight class="normal"><sp/><sp/><sp/><sp/></highlight><highlight class="keywordtype">char</highlight><highlight class="normal"><sp/>col[2],<sp/>lin[2];</highlight></codeline>
<codeline lineno="147"><highlight class="normal"><sp/><sp/><sp/><sp/></highlight><highlight class="keywordflow">if</highlight><highlight class="normal">(fgets(linha,<sp/><ref refid="_interface_8c_1a6821bafc3c88dfb2e433a095df9940c6" kindref="member">BUF_SIZE</ref>,<sp/>stdin)<sp/>==<sp/>NULL)</highlight></codeline>
<codeline lineno="148"><highlight class="normal"><sp/><sp/><sp/><sp/><sp/><sp/><sp/><sp/></highlight><highlight class="keywordflow">return</highlight><highlight class="normal"><sp/>0;</highlight></codeline>
<codeline lineno="149"><highlight class="normal"><sp/><sp/><sp/><sp/></highlight><highlight class="keywordflow">if</highlight><highlight class="normal">(strlen(linha)<sp/>==<sp/>3<sp/>&amp;&amp;<sp/>sscanf(linha,<sp/></highlight><highlight class="stringliteral">&quot;%[a-h]%[1-8]&quot;</highlight><highlight class="normal">,<sp/>col,<sp/>lin)<sp/>==<sp/>2){</highlight></codeline>
<codeline lineno="150"><highlight class="normal"><sp/><sp/><sp/><sp/><sp/><sp/><sp/><sp/><ref refid="struct_c_o_o_r_d_e_n_a_d_a" kindref="compound">COORDENADA</ref><sp/>coord<sp/>=<sp/>{*col<sp/>-<sp/></highlight><highlight class="charliteral">&apos;a&apos;</highlight><highlight class="normal">,<sp/>*lin<sp/>-<sp/></highlight><highlight class="charliteral">&apos;1&apos;</highlight><highlight class="normal">};</highlight></codeline>
<codeline lineno="151"><highlight class="normal"><sp/><sp/><sp/><sp/><sp/><sp/><sp/><sp/><ref refid="_logica_8c_1ac313d7e553b1e2b5f266acb9bfff8141" kindref="member">jogar</ref>(e,<sp/>coord);</highlight></codeline>
<codeline lineno="152"><highlight class="normal"><sp/><sp/><sp/><sp/><sp/><sp/><sp/><sp/><ref refid="_interface_8c_1a4525a57d0cd9ed3c9150e19b67e1dad6" kindref="member">mostrar_tabuleiro</ref>(e);</highlight></codeline>
<codeline lineno="153"><highlight class="normal"><sp/><sp/><sp/><sp/>}</highlight></codeline>
<codeline lineno="154"><highlight class="normal"><sp/><sp/><sp/><sp/></highlight><highlight class="keywordtype">char</highlight><highlight class="normal"><sp/>fich[<ref refid="_interface_8c_1a6821bafc3c88dfb2e433a095df9940c6" kindref="member">BUF_SIZE</ref>];</highlight></codeline>
<codeline lineno="155"><highlight class="normal"><sp/><sp/><sp/><sp/></highlight><highlight class="keywordflow">if</highlight><highlight class="normal">(strcmp(linha,<sp/></highlight><highlight class="stringliteral">&quot;Q\n&quot;</highlight><highlight class="normal">)<sp/>==<sp/>0)</highlight></codeline>
<codeline lineno="156"><highlight class="normal"><sp/><sp/><sp/><sp/><sp/><sp/><sp/><sp/>exit(0);</highlight></codeline>
<codeline lineno="157"><highlight class="normal"><sp/><sp/><sp/><sp/></highlight><highlight class="keywordflow">if</highlight><highlight class="normal">(sscanf(linha,</highlight><highlight class="stringliteral">&quot;gr<sp/>%s&quot;</highlight><highlight class="normal">,<sp/>fich)<sp/>==<sp/>1){</highlight></codeline>
<codeline lineno="158"><highlight class="normal"><sp/><sp/><sp/><sp/><sp/><sp/><sp/><sp/><ref refid="_interface_8c_1abbd876b144cd2b43aa5f6ad551eb480b" kindref="member">gravar</ref>(e,<sp/>fich);</highlight></codeline>
<codeline lineno="159"><highlight class="normal"><sp/><sp/><sp/><sp/><sp/><sp/><sp/><sp/>printf(</highlight><highlight class="stringliteral">&quot;Jogo<sp/>Gravado\n&quot;</highlight><highlight class="normal">);</highlight></codeline>
<codeline lineno="160"><highlight class="normal"><sp/><sp/><sp/><sp/><sp/><sp/><sp/><sp/><ref refid="_interface_8c_1a4525a57d0cd9ed3c9150e19b67e1dad6" kindref="member">mostrar_tabuleiro</ref>(e);</highlight></codeline>
<codeline lineno="161"><highlight class="normal"><sp/><sp/><sp/><sp/>}</highlight></codeline>
<codeline lineno="162"><highlight class="normal"><sp/><sp/><sp/><sp/></highlight><highlight class="keywordflow">if</highlight><highlight class="normal">(sscanf(linha,</highlight><highlight class="stringliteral">&quot;ler<sp/>%s&quot;</highlight><highlight class="normal">,<sp/>fich)<sp/>==<sp/>1){</highlight></codeline>
<codeline lineno="163"><highlight class="normal"><sp/><sp/><sp/><sp/><sp/><sp/><sp/><sp/><ref refid="_interface_8c_1a13a5fd1ffeb05c1f7390581eb2ee7a05" kindref="member">lerfich</ref>(fich,e);</highlight></codeline>
<codeline lineno="164"><highlight class="normal"><sp/><sp/><sp/><sp/>}</highlight></codeline>
<codeline lineno="165"><highlight class="normal"><sp/><sp/><sp/><sp/></highlight><highlight class="keywordflow">if</highlight><highlight class="normal">(strcmp(linha,</highlight><highlight class="stringliteral">&quot;movs\n&quot;</highlight><highlight class="normal">)<sp/>==<sp/>0){</highlight></codeline>
<codeline lineno="166"><highlight class="normal"><sp/><sp/><sp/><sp/><sp/><sp/><sp/><sp/><ref refid="_interface_8c_1a9cd898393288bc7dfdb1fc9d76457ab7" kindref="member">movs</ref>(e);</highlight></codeline>
<codeline lineno="167"><highlight class="normal"><sp/><sp/><sp/><sp/>}</highlight></codeline>
<codeline lineno="168"><highlight class="normal"><sp/><sp/><sp/><sp/></highlight><highlight class="keywordtype">char</highlight><highlight class="normal"><sp/>n;</highlight></codeline>
<codeline lineno="169"><highlight class="normal"><sp/><sp/><sp/><sp/></highlight><highlight class="keywordflow">if</highlight><highlight class="normal">(sscanf(linha,</highlight><highlight class="stringliteral">&quot;pos<sp/>%c&quot;</highlight><highlight class="normal">,<sp/>&amp;n<sp/>)<sp/>==<sp/>1){</highlight></codeline>
<codeline lineno="170"><highlight class="normal"><sp/><sp/><sp/><sp/><sp/><sp/><sp/><sp/><ref refid="_logica_8c_1a0de576437e8b6e3c224a112334f018f1" kindref="member">pos</ref>(e,(</highlight><highlight class="keywordtype">int</highlight><highlight class="normal">)(n-</highlight><highlight class="charliteral">&apos;0&apos;</highlight><highlight class="normal">));</highlight></codeline>
<codeline lineno="171"><highlight class="normal"><sp/><sp/><sp/><sp/><sp/><sp/><sp/><sp/><ref refid="_interface_8c_1a4525a57d0cd9ed3c9150e19b67e1dad6" kindref="member">mostrar_tabuleiro</ref>(e);</highlight></codeline>
<codeline lineno="172"><highlight class="normal"><sp/><sp/><sp/><sp/>}</highlight></codeline>
<codeline lineno="173"><highlight class="normal"><sp/><sp/><sp/><sp/></highlight><highlight class="keywordflow">if</highlight><highlight class="normal">(strcmp(linha,</highlight><highlight class="stringliteral">&quot;jog\n&quot;</highlight><highlight class="normal">)<sp/>==<sp/>0){</highlight></codeline>
<codeline lineno="174"><highlight class="normal"><sp/><sp/><sp/><sp/><sp/><sp/><sp/><sp/><ref refid="_logica_8c_1a39a83bbb6b186655ccf97b767db14278" kindref="member">jogs</ref>(e);</highlight></codeline>
<codeline lineno="175"><highlight class="normal"><sp/><sp/><sp/><sp/><sp/><sp/><sp/><sp/><ref refid="_interface_8c_1a4525a57d0cd9ed3c9150e19b67e1dad6" kindref="member">mostrar_tabuleiro</ref>(e);</highlight></codeline>
<codeline lineno="176"><highlight class="normal"><sp/><sp/><sp/><sp/>}</highlight></codeline>
<codeline lineno="177"><highlight class="normal"><sp/><sp/><sp/><sp/></highlight><highlight class="keywordflow">if</highlight><highlight class="normal">(strcmp(linha,</highlight><highlight class="stringliteral">&quot;jog2\n&quot;</highlight><highlight class="normal">)<sp/>==<sp/>0){</highlight></codeline>
<codeline lineno="178"><highlight class="normal"><sp/><sp/><sp/><sp/><sp/><sp/><sp/><sp/><ref refid="_logica_8c_1a9265b7919a412964be25c72de9b526ab" kindref="member">jogs2</ref>(e);</highlight></codeline>
<codeline lineno="179"><highlight class="normal"><sp/><sp/><sp/><sp/><sp/><sp/><sp/><sp/><ref refid="_interface_8c_1a4525a57d0cd9ed3c9150e19b67e1dad6" kindref="member">mostrar_tabuleiro</ref>(e);</highlight></codeline>
<codeline lineno="180"><highlight class="normal"><sp/><sp/><sp/><sp/>}</highlight></codeline>
<codeline lineno="181"><highlight class="normal"><sp/><sp/><sp/><sp/></highlight><highlight class="keywordflow">return</highlight><highlight class="normal"><sp/>1;</highlight></codeline>
<codeline lineno="182"><highlight class="normal">}</highlight></codeline>
<codeline lineno="183"><highlight class="normal"></highlight></codeline>
<codeline lineno="184"><highlight class="normal"></highlight><highlight class="keywordtype">int</highlight><highlight class="normal"><sp/><ref refid="_interface_8c_1abe85a0d9f8b389b7747666bb2e39dbf8" kindref="member">write_coord</ref>(<ref refid="struct_c_o_o_r_d_e_n_a_d_a" kindref="compound">COORDENADA</ref><sp/>coord){</highlight></codeline>
<codeline lineno="185"><highlight class="normal"><sp/><sp/><sp/><sp/></highlight><highlight class="keywordtype">int</highlight><highlight class="normal"><sp/>x;</highlight></codeline>
<codeline lineno="186"><highlight class="normal"><sp/><sp/><sp/><sp/></highlight><highlight class="keywordtype">int</highlight><highlight class="normal"><sp/>y;</highlight></codeline>
<codeline lineno="187"><highlight class="normal"><sp/><sp/><sp/><sp/>x<sp/>=<sp/>coord.<ref refid="struct_c_o_o_r_d_e_n_a_d_a_1a4a2f44649af1dfbf8d13141d5a336455" kindref="member">coluna</ref>;</highlight></codeline>
<codeline lineno="188"><highlight class="normal"><sp/><sp/><sp/><sp/>y<sp/>=<sp/>coord.<ref refid="struct_c_o_o_r_d_e_n_a_d_a_1af20d02e678ba0aeaf8727d747151baf0" kindref="member">linha</ref>;</highlight></codeline>
<codeline lineno="189"><highlight class="normal"><sp/><sp/><sp/><sp/></highlight><highlight class="keywordtype">char</highlight><highlight class="normal"><sp/>xc;</highlight></codeline>
<codeline lineno="190"><highlight class="normal"><sp/><sp/><sp/><sp/></highlight><highlight class="keywordtype">char</highlight><highlight class="normal"><sp/>yc;</highlight></codeline>
<codeline lineno="191"><highlight class="normal"><sp/><sp/><sp/><sp/>xc<sp/>=<sp/><ref refid="_dados_8c_1a9f0dd79778fc7f41098b93a1e29bdcb9" kindref="member">conv_c</ref>(x);</highlight></codeline>
<codeline lineno="192"><highlight class="normal"><sp/><sp/><sp/><sp/>yc<sp/>=<sp/><ref refid="_dados_8c_1acb70dbd3905a451c8d815addb17b9c3a" kindref="member">conv_l</ref>(y);</highlight></codeline>
<codeline lineno="193"><highlight class="normal"><sp/><sp/><sp/><sp/>printf(</highlight><highlight class="stringliteral">&quot;%c%c<sp/>&quot;</highlight><highlight class="normal">,xc,yc);</highlight></codeline>
<codeline lineno="194"><highlight class="normal"><sp/><sp/><sp/><sp/></highlight><highlight class="keywordflow">return</highlight><highlight class="normal"><sp/>0;</highlight></codeline>
<codeline lineno="195"><highlight class="normal">}</highlight></codeline>
<codeline lineno="196"><highlight class="normal"></highlight></codeline>
<codeline lineno="197"><highlight class="normal"></highlight><highlight class="keywordtype">int</highlight><highlight class="normal"><sp/><ref refid="_interface_8c_1a9cd898393288bc7dfdb1fc9d76457ab7" kindref="member">movs</ref>(<ref refid="struct_e_s_t_a_d_o" kindref="compound">ESTADO</ref><sp/>*e){</highlight></codeline>
<codeline lineno="198"><highlight class="normal"><sp/><sp/><sp/><sp/></highlight><highlight class="keywordtype">int</highlight><highlight class="normal"><sp/>i<sp/>=<sp/>0;</highlight></codeline>
<codeline lineno="199"><highlight class="normal"><sp/><sp/><sp/><sp/></highlight><highlight class="keywordflow">while</highlight><highlight class="normal"><sp/>(i<sp/>&lt;<sp/>(<ref refid="_dados_8c_1a6cd0b387bdee9e18003c78852394aa63" kindref="member">obter_numero_de_jogadas</ref>(e)-1)){</highlight></codeline>
<codeline lineno="200"><highlight class="normal"><sp/><sp/><sp/><sp/><sp/><sp/><sp/><sp/>printf(</highlight><highlight class="stringliteral">&quot;j%d:<sp/>&quot;</highlight><highlight class="normal">,(i+1));</highlight></codeline>
<codeline lineno="201"><highlight class="normal"><sp/><sp/><sp/><sp/><sp/><sp/><sp/><sp/><ref refid="_interface_8c_1abe85a0d9f8b389b7747666bb2e39dbf8" kindref="member">write_coord</ref>(<ref refid="_dados_8c_1ab1b2be1dd101f241a26150451354266a" kindref="member">obter_coord</ref>(e,<sp/>1,<sp/>i));</highlight></codeline>
<codeline lineno="202"><highlight class="normal"><sp/><sp/><sp/><sp/><sp/><sp/><sp/><sp/><ref refid="_interface_8c_1abe85a0d9f8b389b7747666bb2e39dbf8" kindref="member">write_coord</ref>(<ref refid="_dados_8c_1ab1b2be1dd101f241a26150451354266a" kindref="member">obter_coord</ref>(e,<sp/>2,<sp/>i));</highlight></codeline>
<codeline lineno="203"><highlight class="normal"><sp/><sp/><sp/><sp/><sp/><sp/><sp/><sp/>printf(</highlight><highlight class="stringliteral">&quot;\n&quot;</highlight><highlight class="normal">);</highlight></codeline>
<codeline lineno="204"><highlight class="normal"><sp/><sp/><sp/><sp/><sp/><sp/><sp/><sp/>i++;</highlight></codeline>
<codeline lineno="205"><highlight class="normal"><sp/><sp/><sp/><sp/>}</highlight></codeline>
<codeline lineno="206"><highlight class="normal"><sp/><sp/><sp/><sp/></highlight><highlight class="keywordflow">if</highlight><highlight class="normal"><sp/>(<ref refid="_dados_8c_1ad6e326e4ffa57ca1ae0c75377ecefc8c" kindref="member">obter_jogador_atual</ref>(e)<sp/>==<sp/>2)<sp/>{</highlight></codeline>
<codeline lineno="207"><highlight class="normal"><sp/><sp/><sp/><sp/><sp/><sp/><sp/><sp/>printf(</highlight><highlight class="stringliteral">&quot;j%d:<sp/>&quot;</highlight><highlight class="normal">,i+1);</highlight></codeline>
<codeline lineno="208"><highlight class="normal"><sp/><sp/><sp/><sp/><sp/><sp/><sp/><sp/><ref refid="_interface_8c_1abe85a0d9f8b389b7747666bb2e39dbf8" kindref="member">write_coord</ref>(<ref refid="_dados_8c_1ab1b2be1dd101f241a26150451354266a" kindref="member">obter_coord</ref>(e,<sp/>1,<sp/>i));</highlight></codeline>
<codeline lineno="209"><highlight class="normal"><sp/><sp/><sp/><sp/>}</highlight></codeline>
<codeline lineno="210"><highlight class="normal"><sp/><sp/><sp/><sp/>printf(</highlight><highlight class="stringliteral">&quot;\n&gt;&quot;</highlight><highlight class="normal">);</highlight></codeline>
<codeline lineno="211"><highlight class="normal"><sp/><sp/><sp/><sp/></highlight><highlight class="keywordflow">return</highlight><highlight class="normal"><sp/>0;</highlight></codeline>
<codeline lineno="212"><highlight class="normal">}</highlight></codeline>
<codeline lineno="213"><highlight class="normal"></highlight></codeline>
<codeline lineno="214"><highlight class="normal"></highlight><highlight class="keywordtype">void</highlight><highlight class="normal"><sp/><ref refid="_interface_8c_1aa12c29340c66dea6b85486aafce73e58" kindref="member">erros</ref>(</highlight><highlight class="keywordtype">int</highlight><highlight class="normal"><sp/>n){</highlight></codeline>
<codeline lineno="215"><highlight class="normal"><sp/><sp/><sp/><sp/></highlight><highlight class="keywordflow">if</highlight><highlight class="normal">(n==1)</highlight></codeline>
<codeline lineno="216"><highlight class="normal"><sp/><sp/><sp/><sp/><sp/><sp/><sp/><sp/>printf(</highlight><highlight class="stringliteral">&quot;Jogada<sp/>Invalida\n&quot;</highlight><highlight class="normal">);</highlight></codeline>
<codeline lineno="217"><highlight class="normal">}</highlight></codeline>
    </programlisting>
    <location file="Trab de Li 2 ATUAL/Interface.c"/>
  </compounddef>
</doxygen>
