<?xml version='1.0' encoding='UTF-8' standalone='no'?>
<doxygen xmlns:xsi="http://www.w3.org/2001/XMLSchema-instance" xsi:noNamespaceSchemaLocation="compound.xsd" version="1.8.17">
  <compounddef id="_listas_8h" kind="file" language="C++">
    <compoundname>Listas.h</compoundname>
    <includedby refid="_logica_8h" local="yes">Trab de Li 2 ATUAL/Logica.h</includedby>
    <includedby refid="_listas_8c" local="yes">Trab de Li 2 ATUAL/Listas.c</includedby>
    <includedby refid="_logica_8c" local="yes">Trab de Li 2 ATUAL/Logica.c</includedby>
    <invincdepgraph>
      <node id="7">
        <label>Trab de Li 2 ATUAL/Listas.c</label>
        <link refid="_listas_8c"/>
      </node>
      <node id="1">
        <label>Trab de Li 2 ATUAL/Listas.h</label>
        <link refid="_listas_8h"/>
        <childnode refid="2" relation="include">
        </childnode>
        <childnode refid="7" relation="include">
        </childnode>
        <childnode refid="5" relation="include">
        </childnode>
      </node>
      <node id="5">
        <label>Trab de Li 2 ATUAL/Logica.c</label>
        <link refid="_logica_8c"/>
      </node>
      <node id="2">
        <label>Trab de Li 2 ATUAL/Logica.h</label>
        <link refid="_logica_8h"/>
        <childnode refid="3" relation="include">
        </childnode>
        <childnode refid="4" relation="include">
        </childnode>
      </node>
      <node id="6">
        <label>Trab de Li 2 ATUAL/main.c</label>
        <link refid="main_8c"/>
      </node>
      <node id="3">
        <label>Trab de Li 2 ATUAL/Interface.c</label>
        <link refid="_interface_8c"/>
      </node>
      <node id="4">
        <label>Trab de Li 2 ATUAL/Interface.h</label>
        <link refid="_interface_8h"/>
        <childnode refid="2" relation="include">
        </childnode>
        <childnode refid="5" relation="include">
        </childnode>
        <childnode refid="6" relation="include">
        </childnode>
      </node>
    </invincdepgraph>
    <innerclass refid="structnodo" prot="public">nodo</innerclass>
      <sectiondef kind="typedef">
      <memberdef kind="typedef" id="_listas_8h_1ab352ead3fb06267f3afdd032d67c189c" prot="public" static="no">
        <type>struct <ref refid="structnodo" kindref="compound">nodo</ref></type>
        <definition>typedef struct nodo NODO</definition>
        <argsstring></argsstring>
        <name>NODO</name>
        <briefdescription>
        </briefdescription>
        <detaileddescription>
        </detaileddescription>
        <inbodydescription>
        </inbodydescription>
        <location file="Trab de Li 2 ATUAL/Listas.h" line="12" column="6"/>
      </memberdef>
      <memberdef kind="typedef" id="_listas_8h_1a2ed03b19209dd10718380b31b09a69f5" prot="public" static="no">
        <type>struct <ref refid="structnodo" kindref="compound">nodo</ref> *</type>
        <definition>typedef struct nodo * LISTA</definition>
        <argsstring></argsstring>
        <name>LISTA</name>
        <briefdescription>
        </briefdescription>
        <detaileddescription>
        </detaileddescription>
        <inbodydescription>
        </inbodydescription>
        <location file="Trab de Li 2 ATUAL/Listas.h" line="12" column="13"/>
      </memberdef>
      </sectiondef>
      <sectiondef kind="func">
      <memberdef kind="function" id="_listas_8h_1ae3b99323b6f8f35d80bb69ff1a27985e" prot="public" static="no" const="no" explicit="no" inline="no" virt="non-virtual">
        <type><ref refid="_listas_8h_1a2ed03b19209dd10718380b31b09a69f5" kindref="member">LISTA</ref></type>
        <definition>LISTA criar_lista</definition>
        <argsstring>()</argsstring>
        <name>criar_lista</name>
        <briefdescription>
<para>Cria uma lista vazia. </para>
        </briefdescription>
        <detaileddescription>
<para><simplesect kind="return"><para>Retorna uma lista vazia </para>
</simplesect>
</para>
        </detaileddescription>
        <inbodydescription>
        </inbodydescription>
        <location file="Trab de Li 2 ATUAL/Listas.h" line="18" column="7" bodyfile="Trab de Li 2 ATUAL/Listas.c" bodystart="5" bodyend="9" declfile="Trab de Li 2 ATUAL/Listas.h" declline="18" declcolumn="7"/>
      </memberdef>
      <memberdef kind="function" id="_listas_8h_1a37ba5fc3cfddb6bc94d4b54b00bc696e" prot="public" static="no" const="no" explicit="no" inline="no" virt="non-virtual">
        <type><ref refid="_listas_8h_1a2ed03b19209dd10718380b31b09a69f5" kindref="member">LISTA</ref></type>
        <definition>LISTA insere_cabeca</definition>
        <argsstring>(LISTA L, void *valor)</argsstring>
        <name>insere_cabeca</name>
        <param>
          <type><ref refid="_listas_8h_1a2ed03b19209dd10718380b31b09a69f5" kindref="member">LISTA</ref></type>
          <declname>L</declname>
        </param>
        <param>
          <type>void *</type>
          <declname>valor</declname>
        </param>
        <briefdescription>
<para>Insere um valor na cabeça da lista. </para>
        </briefdescription>
        <detaileddescription>
<para><parameterlist kind="param"><parameteritem>
<parameternamelist>
<parametername>L</parametername>
</parameternamelist>
<parameterdescription>
<para>É uma lista ligada </para>
</parameterdescription>
</parameteritem>
<parameteritem>
<parameternamelist>
<parametername>valor</parametername>
</parameternamelist>
<parameterdescription>
<para>É o valor a ser inserido na cabeça. </para>
</parameterdescription>
</parameteritem>
</parameterlist>
<simplesect kind="return"><para>Retorna a lista com a cabeça inserida. </para>
</simplesect>
</para>
        </detaileddescription>
        <inbodydescription>
        </inbodydescription>
        <location file="Trab de Li 2 ATUAL/Listas.h" line="25" column="7" bodyfile="Trab de Li 2 ATUAL/Listas.c" bodystart="11" bodyend="16" declfile="Trab de Li 2 ATUAL/Listas.h" declline="25" declcolumn="7"/>
      </memberdef>
      <memberdef kind="function" id="_listas_8h_1abfcb205f3eb670157be0d1221021714b" prot="public" static="no" const="no" explicit="no" inline="no" virt="non-virtual">
        <type>void *</type>
        <definition>void* devolve_cabeca</definition>
        <argsstring>(LISTA L)</argsstring>
        <name>devolve_cabeca</name>
        <param>
          <type><ref refid="_listas_8h_1a2ed03b19209dd10718380b31b09a69f5" kindref="member">LISTA</ref></type>
          <declname>L</declname>
        </param>
        <briefdescription>
<para>Devolve a cabeça da lista. </para>
        </briefdescription>
        <detaileddescription>
<para><parameterlist kind="param"><parameteritem>
<parameternamelist>
<parametername>L</parametername>
</parameternamelist>
<parameterdescription>
<para>É uma lista ligada. </para>
</parameterdescription>
</parameteritem>
</parameterlist>
</para>
        </detaileddescription>
        <inbodydescription>
        </inbodydescription>
        <location file="Trab de Li 2 ATUAL/Listas.h" line="30" column="6" bodyfile="Trab de Li 2 ATUAL/Listas.c" bodystart="18" bodyend="20" declfile="Trab de Li 2 ATUAL/Listas.h" declline="30" declcolumn="6"/>
      </memberdef>
      <memberdef kind="function" id="_listas_8h_1ad9380152361127432c55c1c6067e05ae" prot="public" static="no" const="no" explicit="no" inline="no" virt="non-virtual">
        <type><ref refid="_listas_8h_1a2ed03b19209dd10718380b31b09a69f5" kindref="member">LISTA</ref></type>
        <definition>LISTA proximo</definition>
        <argsstring>(LISTA L)</argsstring>
        <name>proximo</name>
        <param>
          <type><ref refid="_listas_8h_1a2ed03b19209dd10718380b31b09a69f5" kindref="member">LISTA</ref></type>
          <declname>L</declname>
        </param>
        <briefdescription>
<para>Devolve a cauda da lista. </para>
        </briefdescription>
        <detaileddescription>
<para><parameterlist kind="param"><parameteritem>
<parameternamelist>
<parametername>L</parametername>
</parameternamelist>
<parameterdescription>
<para>É uma lista ligada. </para>
</parameterdescription>
</parameteritem>
</parameterlist>
<simplesect kind="return"><para>Retorna o resto da lista sem a cabeça. </para>
</simplesect>
</para>
        </detaileddescription>
        <inbodydescription>
        </inbodydescription>
        <location file="Trab de Li 2 ATUAL/Listas.h" line="36" column="7" bodyfile="Trab de Li 2 ATUAL/Listas.c" bodystart="22" bodyend="24" declfile="Trab de Li 2 ATUAL/Listas.h" declline="36" declcolumn="7"/>
      </memberdef>
      <memberdef kind="function" id="_listas_8h_1a9026a681a68322b5ec7f07137b864cbd" prot="public" static="no" const="no" explicit="no" inline="no" virt="non-virtual">
        <type><ref refid="_listas_8h_1a2ed03b19209dd10718380b31b09a69f5" kindref="member">LISTA</ref></type>
        <definition>LISTA remove_cabeca</definition>
        <argsstring>(LISTA L)</argsstring>
        <name>remove_cabeca</name>
        <param>
          <type><ref refid="_listas_8h_1a2ed03b19209dd10718380b31b09a69f5" kindref="member">LISTA</ref></type>
          <declname>L</declname>
        </param>
        <briefdescription>
<para>Remove a cabeça da lista (libertando o espaço ocupado) e devolve a cauda. </para>
        </briefdescription>
        <detaileddescription>
<para><parameterlist kind="param"><parameteritem>
<parameternamelist>
<parametername>L</parametername>
</parameternamelist>
<parameterdescription>
<para>É uma lista ligada </para>
</parameterdescription>
</parameteritem>
</parameterlist>
<simplesect kind="return"><para>Retorna a lista sem a cabeça. </para>
</simplesect>
</para>
        </detaileddescription>
        <inbodydescription>
        </inbodydescription>
        <location file="Trab de Li 2 ATUAL/Listas.h" line="42" column="7" bodyfile="Trab de Li 2 ATUAL/Listas.c" bodystart="26" bodyend="31" declfile="Trab de Li 2 ATUAL/Listas.h" declline="42" declcolumn="7"/>
      </memberdef>
      <memberdef kind="function" id="_listas_8h_1a4c10928f7acaa4e3de3760cea0dfd9c0" prot="public" static="no" const="no" explicit="no" inline="no" virt="non-virtual">
        <type>int</type>
        <definition>int lista_esta_vazia</definition>
        <argsstring>(LISTA L)</argsstring>
        <name>lista_esta_vazia</name>
        <param>
          <type><ref refid="_listas_8h_1a2ed03b19209dd10718380b31b09a69f5" kindref="member">LISTA</ref></type>
          <declname>L</declname>
        </param>
        <briefdescription>
<para>Devolve verdareiro se a lista é vazia. </para>
        </briefdescription>
        <detaileddescription>
<para><parameterlist kind="param"><parameteritem>
<parameternamelist>
<parametername>L</parametername>
</parameternamelist>
<parameterdescription>
<para></para>
</parameterdescription>
</parameteritem>
</parameterlist>
<simplesect kind="return"><para>Retorna 1, se a lista estiver vazia e 0 se não estiver vazia. </para>
</simplesect>
</para>
        </detaileddescription>
        <inbodydescription>
        </inbodydescription>
        <location file="Trab de Li 2 ATUAL/Listas.h" line="48" column="5" bodyfile="Trab de Li 2 ATUAL/Listas.c" bodystart="33" bodyend="38" declfile="Trab de Li 2 ATUAL/Listas.h" declline="48" declcolumn="5"/>
      </memberdef>
      </sectiondef>
    <briefdescription>
    </briefdescription>
    <detaileddescription>
<para>Essa camada é responsável pela manipulação de listas ligadas. </para>
    </detaileddescription>
    <programlisting>
<codeline lineno="1"></codeline>
<codeline lineno="6"><highlight class="preprocessor">#ifndef<sp/>TRABALHO_DE_LI2_LISTAS_H</highlight><highlight class="normal"></highlight></codeline>
<codeline lineno="7"><highlight class="normal"></highlight><highlight class="preprocessor">#define<sp/>TRABALHO_DE_LI2_LISTAS_H</highlight><highlight class="normal"></highlight></codeline>
<codeline lineno="8"><highlight class="normal"></highlight></codeline>
<codeline lineno="9" refid="structnodo" refkind="compound"><highlight class="normal"></highlight><highlight class="keyword">typedef</highlight><highlight class="normal"><sp/></highlight><highlight class="keyword">struct<sp/></highlight><highlight class="normal"><ref refid="structnodo" kindref="compound">nodo</ref><sp/>{</highlight></codeline>
<codeline lineno="10" refid="structnodo_1ac78f1a082a695595f0d3ed32cead97f4" refkind="member"><highlight class="normal"><sp/><sp/><sp/><sp/></highlight><highlight class="keywordtype">void</highlight><highlight class="normal"><sp/>*<ref refid="structnodo_1ac78f1a082a695595f0d3ed32cead97f4" kindref="member">valor</ref>;</highlight></codeline>
<codeline lineno="11" refid="structnodo_1a03f1eceb28ca4022ecc73589b6ca39d9" refkind="member"><highlight class="normal"><sp/><sp/><sp/><sp/></highlight><highlight class="keyword">struct<sp/></highlight><highlight class="normal"><ref refid="structnodo" kindref="compound">nodo</ref><sp/>*<ref refid="structnodo_1a03f1eceb28ca4022ecc73589b6ca39d9" kindref="member">proximo</ref>;</highlight></codeline>
<codeline lineno="12"><highlight class="normal">}<sp/><ref refid="_listas_8h_1ab352ead3fb06267f3afdd032d67c189c" kindref="member">NODO</ref>,<sp/>*<ref refid="_listas_8h_1a2ed03b19209dd10718380b31b09a69f5" kindref="member">LISTA</ref>;</highlight></codeline>
<codeline lineno="13"><highlight class="normal"></highlight></codeline>
<codeline lineno="18"><highlight class="normal"><ref refid="structnodo" kindref="compound">LISTA</ref><sp/><ref refid="_listas_8h_1ae3b99323b6f8f35d80bb69ff1a27985e" kindref="member">criar_lista</ref>();</highlight></codeline>
<codeline lineno="25"><highlight class="normal"><ref refid="structnodo" kindref="compound">LISTA</ref><sp/><ref refid="_listas_8h_1a37ba5fc3cfddb6bc94d4b54b00bc696e" kindref="member">insere_cabeca</ref>(<ref refid="structnodo" kindref="compound">LISTA</ref><sp/>L,<sp/></highlight><highlight class="keywordtype">void</highlight><highlight class="normal"><sp/>*<ref refid="structnodo_1ac78f1a082a695595f0d3ed32cead97f4" kindref="member">valor</ref>);</highlight></codeline>
<codeline lineno="30"><highlight class="keywordtype">void</highlight><highlight class="normal"><sp/>*<ref refid="_listas_8h_1abfcb205f3eb670157be0d1221021714b" kindref="member">devolve_cabeca</ref>(<ref refid="structnodo" kindref="compound">LISTA</ref><sp/>L);</highlight></codeline>
<codeline lineno="36"><highlight class="normal"><ref refid="structnodo" kindref="compound">LISTA</ref><sp/><ref refid="_listas_8h_1ad9380152361127432c55c1c6067e05ae" kindref="member">proximo</ref>(<ref refid="structnodo" kindref="compound">LISTA</ref><sp/>L);</highlight></codeline>
<codeline lineno="42"><highlight class="normal"><ref refid="structnodo" kindref="compound">LISTA</ref><sp/><ref refid="_listas_8h_1a9026a681a68322b5ec7f07137b864cbd" kindref="member">remove_cabeca</ref>(<ref refid="structnodo" kindref="compound">LISTA</ref><sp/>L);</highlight></codeline>
<codeline lineno="48"><highlight class="keywordtype">int</highlight><highlight class="normal"><sp/><ref refid="_listas_8h_1a4c10928f7acaa4e3de3760cea0dfd9c0" kindref="member">lista_esta_vazia</ref>(<ref refid="structnodo" kindref="compound">LISTA</ref><sp/>L);</highlight></codeline>
<codeline lineno="49"><highlight class="normal"></highlight></codeline>
<codeline lineno="50"><highlight class="normal"></highlight><highlight class="preprocessor">#endif<sp/>//TRABALHO_DE_LI2_LISTAS_H</highlight></codeline>
    </programlisting>
    <location file="Trab de Li 2 ATUAL/Listas.h"/>
  </compounddef>
</doxygen>
