<?xml version='1.0' encoding='UTF-8' standalone='no'?>
<doxygen xmlns:xsi="http://www.w3.org/2001/XMLSchema-instance" xsi:noNamespaceSchemaLocation="compound.xsd" version="1.8.17">
  <compounddef id="_listas_8c" kind="file" language="C++">
    <compoundname>Listas.c</compoundname>
    <includes refid="_listas_8h" local="yes">Listas.h</includes>
    <includes local="no">stdio.h</includes>
    <includes local="no">stdlib.h</includes>
    <incdepgraph>
      <node id="4">
        <label>stdlib.h</label>
      </node>
      <node id="1">
        <label>Trab de Li 2 ATUAL/Listas.c</label>
        <link refid="_listas_8c"/>
        <childnode refid="2" relation="include">
        </childnode>
        <childnode refid="3" relation="include">
        </childnode>
        <childnode refid="4" relation="include">
        </childnode>
      </node>
      <node id="2">
        <label>Listas.h</label>
        <link refid="_listas_8h"/>
      </node>
      <node id="3">
        <label>stdio.h</label>
      </node>
    </incdepgraph>
      <sectiondef kind="func">
      <memberdef kind="function" id="_listas_8c_1ae3b99323b6f8f35d80bb69ff1a27985e" prot="public" static="no" const="no" explicit="no" inline="no" virt="non-virtual">
        <type><ref refid="_listas_8h_1a2ed03b19209dd10718380b31b09a69f5" kindref="member">LISTA</ref></type>
        <definition>LISTA criar_lista</definition>
        <argsstring>()</argsstring>
        <name>criar_lista</name>
        <briefdescription>
<para>Cria uma lista vazia. </para>
        </briefdescription>
        <detaileddescription>
<para><simplesect kind="return"><para>Retorna uma lista vazia </para>
</simplesect>
</para>
        </detaileddescription>
        <inbodydescription>
        </inbodydescription>
        <location file="Trab de Li 2 ATUAL/Listas.c" line="5" column="7" bodyfile="Trab de Li 2 ATUAL/Listas.c" bodystart="5" bodyend="9"/>
      </memberdef>
      <memberdef kind="function" id="_listas_8c_1a37ba5fc3cfddb6bc94d4b54b00bc696e" prot="public" static="no" const="no" explicit="no" inline="no" virt="non-virtual">
        <type><ref refid="_listas_8h_1a2ed03b19209dd10718380b31b09a69f5" kindref="member">LISTA</ref></type>
        <definition>LISTA insere_cabeca</definition>
        <argsstring>(LISTA L, void *valor)</argsstring>
        <name>insere_cabeca</name>
        <param>
          <type><ref refid="_listas_8h_1a2ed03b19209dd10718380b31b09a69f5" kindref="member">LISTA</ref></type>
          <declname>L</declname>
        </param>
        <param>
          <type>void *</type>
          <declname>valor</declname>
        </param>
        <briefdescription>
<para>Insere um valor na cabeça da lista. </para>
        </briefdescription>
        <detaileddescription>
<para><parameterlist kind="param"><parameteritem>
<parameternamelist>
<parametername>L</parametername>
</parameternamelist>
<parameterdescription>
<para>É uma lista ligada </para>
</parameterdescription>
</parameteritem>
<parameteritem>
<parameternamelist>
<parametername>valor</parametername>
</parameternamelist>
<parameterdescription>
<para>É o valor a ser inserido na cabeça. </para>
</parameterdescription>
</parameteritem>
</parameterlist>
<simplesect kind="return"><para>Retorna a lista com a cabeça inserida. </para>
</simplesect>
</para>
        </detaileddescription>
        <inbodydescription>
        </inbodydescription>
        <location file="Trab de Li 2 ATUAL/Listas.c" line="11" column="7" bodyfile="Trab de Li 2 ATUAL/Listas.c" bodystart="11" bodyend="16"/>
      </memberdef>
      <memberdef kind="function" id="_listas_8c_1abfcb205f3eb670157be0d1221021714b" prot="public" static="no" const="no" explicit="no" inline="no" virt="non-virtual">
        <type>void *</type>
        <definition>void* devolve_cabeca</definition>
        <argsstring>(LISTA L)</argsstring>
        <name>devolve_cabeca</name>
        <param>
          <type><ref refid="_listas_8h_1a2ed03b19209dd10718380b31b09a69f5" kindref="member">LISTA</ref></type>
          <declname>L</declname>
        </param>
        <briefdescription>
<para>Devolve a cabeça da lista. </para>
        </briefdescription>
        <detaileddescription>
<para><parameterlist kind="param"><parameteritem>
<parameternamelist>
<parametername>L</parametername>
</parameternamelist>
<parameterdescription>
<para>É uma lista ligada. </para>
</parameterdescription>
</parameteritem>
</parameterlist>
</para>
        </detaileddescription>
        <inbodydescription>
        </inbodydescription>
        <location file="Trab de Li 2 ATUAL/Listas.c" line="18" column="6" bodyfile="Trab de Li 2 ATUAL/Listas.c" bodystart="18" bodyend="20"/>
      </memberdef>
      <memberdef kind="function" id="_listas_8c_1ad9380152361127432c55c1c6067e05ae" prot="public" static="no" const="no" explicit="no" inline="no" virt="non-virtual">
        <type><ref refid="_listas_8h_1a2ed03b19209dd10718380b31b09a69f5" kindref="member">LISTA</ref></type>
        <definition>LISTA proximo</definition>
        <argsstring>(LISTA L)</argsstring>
        <name>proximo</name>
        <param>
          <type><ref refid="_listas_8h_1a2ed03b19209dd10718380b31b09a69f5" kindref="member">LISTA</ref></type>
          <declname>L</declname>
        </param>
        <briefdescription>
<para>Devolve a cauda da lista. </para>
        </briefdescription>
        <detaileddescription>
<para><parameterlist kind="param"><parameteritem>
<parameternamelist>
<parametername>L</parametername>
</parameternamelist>
<parameterdescription>
<para>É uma lista ligada. </para>
</parameterdescription>
</parameteritem>
</parameterlist>
<simplesect kind="return"><para>Retorna o resto da lista sem a cabeça. </para>
</simplesect>
</para>
        </detaileddescription>
        <inbodydescription>
        </inbodydescription>
        <location file="Trab de Li 2 ATUAL/Listas.c" line="22" column="7" bodyfile="Trab de Li 2 ATUAL/Listas.c" bodystart="22" bodyend="24"/>
      </memberdef>
      <memberdef kind="function" id="_listas_8c_1a9026a681a68322b5ec7f07137b864cbd" prot="public" static="no" const="no" explicit="no" inline="no" virt="non-virtual">
        <type><ref refid="_listas_8h_1a2ed03b19209dd10718380b31b09a69f5" kindref="member">LISTA</ref></type>
        <definition>LISTA remove_cabeca</definition>
        <argsstring>(LISTA L)</argsstring>
        <name>remove_cabeca</name>
        <param>
          <type><ref refid="_listas_8h_1a2ed03b19209dd10718380b31b09a69f5" kindref="member">LISTA</ref></type>
          <declname>L</declname>
        </param>
        <briefdescription>
<para>Remove a cabeça da lista (libertando o espaço ocupado) e devolve a cauda. </para>
        </briefdescription>
        <detaileddescription>
<para><parameterlist kind="param"><parameteritem>
<parameternamelist>
<parametername>L</parametername>
</parameternamelist>
<parameterdescription>
<para>É uma lista ligada </para>
</parameterdescription>
</parameteritem>
</parameterlist>
<simplesect kind="return"><para>Retorna a lista sem a cabeça. </para>
</simplesect>
</para>
        </detaileddescription>
        <inbodydescription>
        </inbodydescription>
        <location file="Trab de Li 2 ATUAL/Listas.c" line="26" column="7" bodyfile="Trab de Li 2 ATUAL/Listas.c" bodystart="26" bodyend="31"/>
      </memberdef>
      <memberdef kind="function" id="_listas_8c_1a4c10928f7acaa4e3de3760cea0dfd9c0" prot="public" static="no" const="no" explicit="no" inline="no" virt="non-virtual">
        <type>int</type>
        <definition>int lista_esta_vazia</definition>
        <argsstring>(LISTA L)</argsstring>
        <name>lista_esta_vazia</name>
        <param>
          <type><ref refid="_listas_8h_1a2ed03b19209dd10718380b31b09a69f5" kindref="member">LISTA</ref></type>
          <declname>L</declname>
        </param>
        <briefdescription>
<para>Devolve verdareiro se a lista é vazia. </para>
        </briefdescription>
        <detaileddescription>
<para><parameterlist kind="param"><parameteritem>
<parameternamelist>
<parametername>L</parametername>
</parameternamelist>
<parameterdescription>
<para></para>
</parameterdescription>
</parameteritem>
</parameterlist>
<simplesect kind="return"><para>Retorna 1, se a lista estiver vazia e 0 se não estiver vazia. </para>
</simplesect>
</para>
        </detaileddescription>
        <inbodydescription>
        </inbodydescription>
        <location file="Trab de Li 2 ATUAL/Listas.c" line="33" column="5" bodyfile="Trab de Li 2 ATUAL/Listas.c" bodystart="33" bodyend="38"/>
      </memberdef>
      </sectiondef>
    <briefdescription>
    </briefdescription>
    <detaileddescription>
    </detaileddescription>
    <programlisting>
<codeline lineno="1"><highlight class="preprocessor">#include<sp/>&quot;<ref refid="_listas_8h" kindref="compound">Listas.h</ref>&quot;</highlight><highlight class="normal"></highlight></codeline>
<codeline lineno="2"><highlight class="normal"></highlight><highlight class="preprocessor">#include<sp/>&lt;stdio.h&gt;</highlight><highlight class="normal"></highlight></codeline>
<codeline lineno="3"><highlight class="normal"></highlight><highlight class="preprocessor">#include<sp/>&lt;stdlib.h&gt;</highlight><highlight class="normal"></highlight></codeline>
<codeline lineno="4"><highlight class="normal"></highlight></codeline>
<codeline lineno="5"><highlight class="normal"><ref refid="structnodo" kindref="compound">LISTA</ref><sp/><ref refid="_listas_8c_1ae3b99323b6f8f35d80bb69ff1a27985e" kindref="member">criar_lista</ref>(){</highlight></codeline>
<codeline lineno="6"><highlight class="normal"><sp/><sp/><sp/><sp/><ref refid="structnodo" kindref="compound">LISTA</ref><sp/>r<sp/>=<sp/>malloc(</highlight><highlight class="keyword">sizeof</highlight><highlight class="normal">(<ref refid="structnodo" kindref="compound">NODO</ref>));</highlight></codeline>
<codeline lineno="7"><highlight class="normal"><sp/><sp/><sp/><sp/>r-&gt;<ref refid="structnodo_1a03f1eceb28ca4022ecc73589b6ca39d9" kindref="member">proximo</ref><sp/>=<sp/>NULL;</highlight></codeline>
<codeline lineno="8"><highlight class="normal"><sp/><sp/><sp/><sp/></highlight><highlight class="keywordflow">return</highlight><highlight class="normal"><sp/>r;</highlight></codeline>
<codeline lineno="9"><highlight class="normal">}</highlight></codeline>
<codeline lineno="10"><highlight class="normal"></highlight></codeline>
<codeline lineno="11"><highlight class="normal"><ref refid="structnodo" kindref="compound">LISTA</ref><sp/><ref refid="_listas_8c_1a37ba5fc3cfddb6bc94d4b54b00bc696e" kindref="member">insere_cabeca</ref>(<ref refid="structnodo" kindref="compound">LISTA</ref><sp/>L,<sp/></highlight><highlight class="keywordtype">void</highlight><highlight class="normal"><sp/>*valor){</highlight></codeline>
<codeline lineno="12"><highlight class="normal"><sp/><sp/><sp/><sp/><ref refid="structnodo" kindref="compound">LISTA</ref><sp/>r<sp/>=<sp/>malloc(</highlight><highlight class="keyword">sizeof</highlight><highlight class="normal">(<ref refid="structnodo" kindref="compound">NODO</ref>));</highlight></codeline>
<codeline lineno="13"><highlight class="normal"><sp/><sp/><sp/><sp/>r-&gt;<ref refid="structnodo_1ac78f1a082a695595f0d3ed32cead97f4" kindref="member">valor</ref><sp/>=<sp/>valor;</highlight></codeline>
<codeline lineno="14"><highlight class="normal"><sp/><sp/><sp/><sp/>r-&gt;<ref refid="structnodo_1a03f1eceb28ca4022ecc73589b6ca39d9" kindref="member">proximo</ref><sp/>=<sp/>L;</highlight></codeline>
<codeline lineno="15"><highlight class="normal"><sp/><sp/><sp/><sp/></highlight><highlight class="keywordflow">return</highlight><highlight class="normal"><sp/>r;</highlight></codeline>
<codeline lineno="16"><highlight class="normal">}</highlight></codeline>
<codeline lineno="17"><highlight class="normal"></highlight></codeline>
<codeline lineno="18"><highlight class="normal"></highlight><highlight class="keywordtype">void</highlight><highlight class="normal"><sp/>*<ref refid="_listas_8c_1abfcb205f3eb670157be0d1221021714b" kindref="member">devolve_cabeca</ref>(<ref refid="structnodo" kindref="compound">LISTA</ref><sp/>L){</highlight></codeline>
<codeline lineno="19"><highlight class="normal"><sp/><sp/><sp/><sp/></highlight><highlight class="keywordflow">return</highlight><highlight class="normal"><sp/>(L-&gt;<ref refid="structnodo_1ac78f1a082a695595f0d3ed32cead97f4" kindref="member">valor</ref>);</highlight></codeline>
<codeline lineno="20"><highlight class="normal">}</highlight></codeline>
<codeline lineno="21"><highlight class="normal"></highlight></codeline>
<codeline lineno="22"><highlight class="normal"><ref refid="structnodo" kindref="compound">LISTA</ref><sp/><ref refid="_listas_8c_1ad9380152361127432c55c1c6067e05ae" kindref="member">proximo</ref>(<ref refid="structnodo" kindref="compound">LISTA</ref><sp/>L){</highlight></codeline>
<codeline lineno="23"><highlight class="normal"><sp/><sp/><sp/><sp/></highlight><highlight class="keywordflow">return</highlight><highlight class="normal"><sp/>(L-&gt;<ref refid="structnodo_1a03f1eceb28ca4022ecc73589b6ca39d9" kindref="member">proximo</ref>);</highlight></codeline>
<codeline lineno="24"><highlight class="normal">}</highlight></codeline>
<codeline lineno="25"><highlight class="normal"></highlight></codeline>
<codeline lineno="26"><highlight class="normal"><ref refid="structnodo" kindref="compound">LISTA</ref><sp/><ref refid="_listas_8c_1a9026a681a68322b5ec7f07137b864cbd" kindref="member">remove_cabeca</ref>(<ref refid="structnodo" kindref="compound">LISTA</ref><sp/>L){</highlight></codeline>
<codeline lineno="27"><highlight class="normal"><sp/><sp/><sp/><sp/><ref refid="structnodo" kindref="compound">LISTA</ref><sp/>temp<sp/>=<sp/>NULL;</highlight></codeline>
<codeline lineno="28"><highlight class="normal"><sp/><sp/><sp/><sp/>temp<sp/>=<sp/>L-&gt;<ref refid="structnodo_1a03f1eceb28ca4022ecc73589b6ca39d9" kindref="member">proximo</ref>;</highlight></codeline>
<codeline lineno="29"><highlight class="normal"><sp/><sp/><sp/><sp/>free(L);</highlight></codeline>
<codeline lineno="30"><highlight class="normal"><sp/><sp/><sp/><sp/></highlight><highlight class="keywordflow">return</highlight><highlight class="normal"><sp/>temp;</highlight></codeline>
<codeline lineno="31"><highlight class="normal">}</highlight></codeline>
<codeline lineno="32"><highlight class="normal"></highlight></codeline>
<codeline lineno="33"><highlight class="normal"></highlight><highlight class="keywordtype">int</highlight><highlight class="normal"><sp/><ref refid="_listas_8c_1a4c10928f7acaa4e3de3760cea0dfd9c0" kindref="member">lista_esta_vazia</ref>(<ref refid="structnodo" kindref="compound">LISTA</ref><sp/>L){</highlight></codeline>
<codeline lineno="34"><highlight class="normal"><sp/><sp/><sp/><sp/></highlight><highlight class="keywordflow">if</highlight><highlight class="normal">(L<sp/>==<sp/>NULL)</highlight></codeline>
<codeline lineno="35"><highlight class="normal"><sp/><sp/><sp/><sp/><sp/><sp/><sp/><sp/></highlight><highlight class="keywordflow">return</highlight><highlight class="normal"><sp/>1;</highlight></codeline>
<codeline lineno="36"><highlight class="normal"><sp/><sp/><sp/><sp/></highlight><highlight class="keywordflow">else</highlight><highlight class="normal"></highlight></codeline>
<codeline lineno="37"><highlight class="normal"><sp/><sp/><sp/><sp/><sp/><sp/><sp/><sp/></highlight><highlight class="keywordflow">return</highlight><highlight class="normal"><sp/>0;</highlight></codeline>
<codeline lineno="38"><highlight class="normal">}</highlight></codeline>
    </programlisting>
    <location file="Trab de Li 2 ATUAL/Listas.c"/>
  </compounddef>
</doxygen>
