<?xml version='1.0' encoding='UTF-8' standalone='no'?>
<doxygen xmlns:xsi="http://www.w3.org/2001/XMLSchema-instance" xsi:noNamespaceSchemaLocation="compound.xsd" version="1.8.17">
  <compounddef id="_logica_8c" kind="file" language="C++">
    <compoundname>Logica.c</compoundname>
    <includes refid="_dados_8h" local="yes">Dados.h</includes>
    <includes local="no">stdlib.h</includes>
    <includes local="no">time.h</includes>
    <includes refid="_listas_8h" local="yes">Listas.h</includes>
    <includes refid="_interface_8h" local="yes">Interface.h</includes>
    <includes local="no">math.h</includes>
    <incdepgraph>
      <node id="2">
        <label>Dados.h</label>
        <link refid="_dados_8h"/>
      </node>
      <node id="3">
        <label>stdlib.h</label>
      </node>
      <node id="5">
        <label>Listas.h</label>
        <link refid="_listas_8h"/>
      </node>
      <node id="1">
        <label>Trab de Li 2 ATUAL/Logica.c</label>
        <link refid="_logica_8c"/>
        <childnode refid="2" relation="include">
        </childnode>
        <childnode refid="3" relation="include">
        </childnode>
        <childnode refid="4" relation="include">
        </childnode>
        <childnode refid="5" relation="include">
        </childnode>
        <childnode refid="6" relation="include">
        </childnode>
        <childnode refid="8" relation="include">
        </childnode>
      </node>
      <node id="7">
        <label>Logica.h</label>
        <link refid="_logica_8h"/>
        <childnode refid="2" relation="include">
        </childnode>
        <childnode refid="6" relation="include">
        </childnode>
        <childnode refid="5" relation="include">
        </childnode>
      </node>
      <node id="4">
        <label>time.h</label>
      </node>
      <node id="8">
        <label>math.h</label>
      </node>
      <node id="6">
        <label>Interface.h</label>
        <link refid="_interface_8h"/>
        <childnode refid="2" relation="include">
        </childnode>
        <childnode refid="7" relation="include">
        </childnode>
      </node>
    </incdepgraph>
      <sectiondef kind="func">
      <memberdef kind="function" id="_logica_8c_1a703fcaaa11665ec5eb0ff2a3dc60a420" prot="public" static="no" const="no" explicit="no" inline="no" virt="non-virtual">
        <type>int</type>
        <definition>int quem_ganha</definition>
        <argsstring>(ESTADO *estado)</argsstring>
        <name>quem_ganha</name>
        <param>
          <type><ref refid="struct_e_s_t_a_d_o" kindref="compound">ESTADO</ref> *</type>
          <declname>estado</declname>
        </param>
        <briefdescription>
<para>Essa função determina quem foi o vencedor do jogo. </para>
        </briefdescription>
        <detaileddescription>
<para><parameterlist kind="param"><parameteritem>
<parameternamelist>
<parametername>estado</parametername>
</parameternamelist>
<parameterdescription>
<para>O estado do jogo. </para>
</parameterdescription>
</parameteritem>
</parameterlist>
<simplesect kind="return"><para>O número do jogador que vence. </para>
</simplesect>
</para>
        </detaileddescription>
        <inbodydescription>
        </inbodydescription>
        <location file="Trab de Li 2 ATUAL/Logica.c" line="10" column="5" bodyfile="Trab de Li 2 ATUAL/Logica.c" bodystart="10" bodyend="15"/>
      </memberdef>
      <memberdef kind="function" id="_logica_8c_1a4eec13ff564158fa4077e44263639e95" prot="public" static="no" const="no" explicit="no" inline="no" virt="non-virtual">
        <type>int</type>
        <definition>int encurralado</definition>
        <argsstring>(ESTADO *estado)</argsstring>
        <name>encurralado</name>
        <param>
          <type><ref refid="struct_e_s_t_a_d_o" kindref="compound">ESTADO</ref> *</type>
          <declname>estado</declname>
        </param>
        <briefdescription>
<para>Essa função indica se um jogador está encurralado, ou seja, sem possibilidades de jogar. </para>
        </briefdescription>
        <detaileddescription>
<para><parameterlist kind="param"><parameteritem>
<parameternamelist>
<parametername>estado</parametername>
</parameternamelist>
<parameterdescription>
<para>O estado do Jogo. </para>
</parameterdescription>
</parameteritem>
</parameterlist>
<simplesect kind="return"><para>1 se o jogador estiver encurralado e 0 caso cntrário. </para>
</simplesect>
</para>
        </detaileddescription>
        <inbodydescription>
        </inbodydescription>
        <location file="Trab de Li 2 ATUAL/Logica.c" line="18" column="5" bodyfile="Trab de Li 2 ATUAL/Logica.c" bodystart="18" bodyend="27"/>
      </memberdef>
      <memberdef kind="function" id="_logica_8c_1aa0ac5baf8b7b832c7d55e5b2c55e0039" prot="public" static="no" const="no" explicit="no" inline="no" virt="non-virtual">
        <type>int</type>
        <definition>int e_vizinho</definition>
        <argsstring>(COORDENADA c1, COORDENADA c2)</argsstring>
        <name>e_vizinho</name>
        <param>
          <type><ref refid="struct_c_o_o_r_d_e_n_a_d_a" kindref="compound">COORDENADA</ref></type>
          <declname>c1</declname>
        </param>
        <param>
          <type><ref refid="struct_c_o_o_r_d_e_n_a_d_a" kindref="compound">COORDENADA</ref></type>
          <declname>c2</declname>
        </param>
        <briefdescription>
<para>Função que verifica se duas peças são vizinhas. </para>
        </briefdescription>
        <detaileddescription>
<para><parameterlist kind="param"><parameteritem>
<parameternamelist>
<parametername>c1</parametername>
</parameternamelist>
<parameterdescription>
<para>Primeira coordenanda </para>
</parameterdescription>
</parameteritem>
<parameteritem>
<parameternamelist>
<parametername>c2</parametername>
</parameternamelist>
<parameterdescription>
<para>Segunda coordenada </para>
</parameterdescription>
</parameteritem>
</parameterlist>
<simplesect kind="return"><para>se for vizinho = 1, se não for = 0. </para>
</simplesect>
</para>
        </detaileddescription>
        <inbodydescription>
        </inbodydescription>
        <location file="Trab de Li 2 ATUAL/Logica.c" line="29" column="5" bodyfile="Trab de Li 2 ATUAL/Logica.c" bodystart="29" bodyend="42"/>
      </memberdef>
      <memberdef kind="function" id="_logica_8c_1a64ca232dda323890b0b9df79370b79ed" prot="public" static="no" const="no" explicit="no" inline="no" virt="non-virtual">
        <type>int</type>
        <definition>int e_vazio</definition>
        <argsstring>(COORDENADA c3, ESTADO *state)</argsstring>
        <name>e_vazio</name>
        <param>
          <type><ref refid="struct_c_o_o_r_d_e_n_a_d_a" kindref="compound">COORDENADA</ref></type>
          <declname>c3</declname>
        </param>
        <param>
          <type><ref refid="struct_e_s_t_a_d_o" kindref="compound">ESTADO</ref> *</type>
          <declname>state</declname>
        </param>
        <briefdescription>
<para>Essa função verifica se a casa em que se pretende jogar está vazia ou não. </para>
        </briefdescription>
        <detaileddescription>
<para><parameterlist kind="param"><parameteritem>
<parameternamelist>
<parametername>c3</parametername>
</parameternamelist>
<parameterdescription>
<para>Coordenada a verificar </para>
</parameterdescription>
</parameteritem>
<parameteritem>
<parameternamelist>
<parametername>state</parametername>
</parameternamelist>
<parameterdescription>
<para>Estado atual do jogo </para>
</parameterdescription>
</parameteritem>
</parameterlist>
<simplesect kind="return"><para>se for vazio = 1, se não for = 0. </para>
</simplesect>
</para>
        </detaileddescription>
        <inbodydescription>
        </inbodydescription>
        <location file="Trab de Li 2 ATUAL/Logica.c" line="45" column="5" bodyfile="Trab de Li 2 ATUAL/Logica.c" bodystart="45" bodyend="54"/>
      </memberdef>
      <memberdef kind="function" id="_logica_8c_1aa8a94d8d4817ff867bd6ba658c9fc9ba" prot="public" static="no" const="no" explicit="no" inline="no" virt="non-virtual">
        <type>int</type>
        <definition>int e_peca</definition>
        <argsstring>(COORDENADA c)</argsstring>
        <name>e_peca</name>
        <param>
          <type><ref refid="struct_c_o_o_r_d_e_n_a_d_a" kindref="compound">COORDENADA</ref></type>
          <declname>c</declname>
        </param>
        <briefdescription>
<para>Função que verifica se a coordenada pertence ao tabuleiro. </para>
        </briefdescription>
        <detaileddescription>
<para><parameterlist kind="param"><parameteritem>
<parameternamelist>
<parametername>c</parametername>
</parameternamelist>
<parameterdescription>
<para>Coordenada a ser verificada </para>
</parameterdescription>
</parameteritem>
</parameterlist>
<simplesect kind="return"><para>Se for peça = 1, se não for = 0. </para>
</simplesect>
</para>
        </detaileddescription>
        <inbodydescription>
        </inbodydescription>
        <location file="Trab de Li 2 ATUAL/Logica.c" line="57" column="5" bodyfile="Trab de Li 2 ATUAL/Logica.c" bodystart="57" bodyend="62"/>
      </memberdef>
      <memberdef kind="function" id="_logica_8c_1a907bfeffe2704d04fad9c185bac094b3" prot="public" static="no" const="no" explicit="no" inline="no" virt="non-virtual">
        <type><ref refid="_dados_8h_1aba91601f16d4c485b2d9b8c429f27039" kindref="member">CASA</ref></type>
        <definition>CASA qualcasa</definition>
        <argsstring>(char c)</argsstring>
        <name>qualcasa</name>
        <param>
          <type>char</type>
          <declname>c</declname>
        </param>
        <briefdescription>
<para>Função que devolve a casa associada com o caracter. </para>
        </briefdescription>
        <detaileddescription>
<para><parameterlist kind="param"><parameteritem>
<parameternamelist>
<parametername>c</parametername>
</parameternamelist>
<parameterdescription>
<para>caracter a ser testado </para>
</parameterdescription>
</parameteritem>
</parameterlist>
<simplesect kind="return"><para>casa associada ao caracter </para>
</simplesect>
</para>
        </detaileddescription>
        <inbodydescription>
        </inbodydescription>
        <location file="Trab de Li 2 ATUAL/Logica.c" line="64" column="6" bodyfile="Trab de Li 2 ATUAL/Logica.c" bodystart="64" bodyend="75"/>
      </memberdef>
      <memberdef kind="function" id="_logica_8c_1a819b689cf358a197b747e52b27ad30f2" prot="public" static="no" const="no" explicit="no" inline="no" virt="non-virtual">
        <type>int</type>
        <definition>int vencer</definition>
        <argsstring>(ESTADO *estado)</argsstring>
        <name>vencer</name>
        <param>
          <type><ref refid="struct_e_s_t_a_d_o" kindref="compound">ESTADO</ref> *</type>
          <declname>estado</declname>
        </param>
        <briefdescription>
<para>Essa função determina se um jogador venceu. </para>
        </briefdescription>
        <detaileddescription>
<para><parameterlist kind="param"><parameteritem>
<parameternamelist>
<parametername>estado</parametername>
</parameternamelist>
<parameterdescription>
<para>O estado do jogo. </para>
</parameterdescription>
</parameteritem>
</parameterlist>
<simplesect kind="return"><para>0 se alguém vencer e 1 se não houver vencedor. </para>
</simplesect>
</para>
        </detaileddescription>
        <inbodydescription>
        </inbodydescription>
        <location file="Trab de Li 2 ATUAL/Logica.c" line="77" column="5" bodyfile="Trab de Li 2 ATUAL/Logica.c" bodystart="77" bodyend="82"/>
      </memberdef>
      <memberdef kind="function" id="_logica_8c_1ac313d7e553b1e2b5f266acb9bfff8141" prot="public" static="no" const="no" explicit="no" inline="no" virt="non-virtual">
        <type>int</type>
        <definition>int jogar</definition>
        <argsstring>(ESTADO *e, COORDENADA c)</argsstring>
        <name>jogar</name>
        <param>
          <type><ref refid="struct_e_s_t_a_d_o" kindref="compound">ESTADO</ref> *</type>
          <declname>e</declname>
        </param>
        <param>
          <type><ref refid="struct_c_o_o_r_d_e_n_a_d_a" kindref="compound">COORDENADA</ref></type>
          <declname>c</declname>
        </param>
        <briefdescription>
<para>Função que realiza a jogada. </para>
        </briefdescription>
        <detaileddescription>
<para><parameterlist kind="param"><parameteritem>
<parameternamelist>
<parametername>e</parametername>
</parameternamelist>
<parameterdescription>
<para>É o estado do jogo que será alterado </para>
</parameterdescription>
</parameteritem>
</parameterlist>
</para>
        </detaileddescription>
        <inbodydescription>
        </inbodydescription>
        <location file="Trab de Li 2 ATUAL/Logica.c" line="84" column="5" bodyfile="Trab de Li 2 ATUAL/Logica.c" bodystart="84" bodyend="119"/>
      </memberdef>
      <memberdef kind="function" id="_logica_8c_1a1598427912dd475a62c8510b9954e850" prot="public" static="no" const="no" explicit="no" inline="no" virt="non-virtual">
        <type><ref refid="struct_e_s_t_a_d_o" kindref="compound">ESTADO</ref> *</type>
        <definition>ESTADO* reset_tab</definition>
        <argsstring>(ESTADO *e)</argsstring>
        <name>reset_tab</name>
        <param>
          <type><ref refid="struct_e_s_t_a_d_o" kindref="compound">ESTADO</ref> *</type>
          <declname>e</declname>
        </param>
        <briefdescription>
<para>Função que limpa o tabuleiro. </para>
        </briefdescription>
        <detaileddescription>
<para><parameterlist kind="param"><parameteritem>
<parameternamelist>
<parametername>e</parametername>
</parameternamelist>
<parameterdescription>
<para>O estado do jogo. </para>
</parameterdescription>
</parameteritem>
</parameterlist>
</para>
        </detaileddescription>
        <inbodydescription>
        </inbodydescription>
        <location file="Trab de Li 2 ATUAL/Logica.c" line="121" column="9" bodyfile="Trab de Li 2 ATUAL/Logica.c" bodystart="121" bodyend="135"/>
      </memberdef>
      <memberdef kind="function" id="_logica_8c_1a68e94a3c0d51af8099f17908ed15cfa8" prot="public" static="no" const="no" explicit="no" inline="no" virt="non-virtual">
        <type>int *</type>
        <definition>int* desenha_jogada</definition>
        <argsstring>(ESTADO *e, JOGADA jogada)</argsstring>
        <name>desenha_jogada</name>
        <param>
          <type><ref refid="struct_e_s_t_a_d_o" kindref="compound">ESTADO</ref> *</type>
          <declname>e</declname>
        </param>
        <param>
          <type><ref refid="struct_j_o_g_a_d_a" kindref="compound">JOGADA</ref></type>
          <declname>jogada</declname>
        </param>
        <briefdescription>
<para>Desenha no tabuleiro uma sequência dois movimentos. </para>
        </briefdescription>
        <detaileddescription>
<para><parameterlist kind="param"><parameteritem>
<parameternamelist>
<parametername>e</parametername>
</parameternamelist>
<parameterdescription>
<para>É o estado que vai ser alterado </para>
</parameterdescription>
</parameteritem>
<parameteritem>
<parameternamelist>
<parametername>jogada</parametername>
</parameternamelist>
<parameterdescription>
<para>É a jogada que vai ser desenhada </para>
</parameterdescription>
</parameteritem>
</parameterlist>
</para>
        </detaileddescription>
        <inbodydescription>
        </inbodydescription>
        <location file="Trab de Li 2 ATUAL/Logica.c" line="137" column="5" bodyfile="Trab de Li 2 ATUAL/Logica.c" bodystart="137" bodyend="145"/>
      </memberdef>
      <memberdef kind="function" id="_logica_8c_1a0de576437e8b6e3c224a112334f018f1" prot="public" static="no" const="no" explicit="no" inline="no" virt="non-virtual">
        <type>void</type>
        <definition>void pos</definition>
        <argsstring>(ESTADO *e, int i)</argsstring>
        <name>pos</name>
        <param>
          <type><ref refid="struct_e_s_t_a_d_o" kindref="compound">ESTADO</ref> *</type>
          <declname>e</declname>
        </param>
        <param>
          <type>int</type>
          <declname>i</declname>
        </param>
        <briefdescription>
<para>Esta função permite mover o jogo para qualquer uma das suas fases. </para>
        </briefdescription>
        <detaileddescription>
<para><parameterlist kind="param"><parameteritem>
<parameternamelist>
<parametername>e</parametername>
</parameternamelist>
<parameterdescription>
<para>É o estado solicitado </para>
</parameterdescription>
</parameteritem>
<parameteritem>
<parameternamelist>
<parametername>i</parametername>
</parameternamelist>
<parameterdescription>
<para>É a posição solicitada </para>
</parameterdescription>
</parameteritem>
</parameterlist>
</para>
        </detaileddescription>
        <inbodydescription>
        </inbodydescription>
        <location file="Trab de Li 2 ATUAL/Logica.c" line="148" column="6" bodyfile="Trab de Li 2 ATUAL/Logica.c" bodystart="148" bodyend="180"/>
      </memberdef>
      <memberdef kind="function" id="_logica_8c_1a4ed31b0ec6bb43c061b5decef4e2bf9e" prot="public" static="no" const="no" explicit="no" inline="no" virt="non-virtual">
        <type><ref refid="_listas_8h_1a2ed03b19209dd10718380b31b09a69f5" kindref="member">LISTA</ref></type>
        <definition>LISTA casas_disp</definition>
        <argsstring>(ESTADO *e, COORDENADA c)</argsstring>
        <name>casas_disp</name>
        <param>
          <type><ref refid="struct_e_s_t_a_d_o" kindref="compound">ESTADO</ref> *</type>
          <declname>e</declname>
        </param>
        <param>
          <type><ref refid="struct_c_o_o_r_d_e_n_a_d_a" kindref="compound">COORDENADA</ref></type>
          <declname>c</declname>
        </param>
        <briefdescription>
<para>Cria uma lista das casas disponiveis em torno da peça branca. </para>
        </briefdescription>
        <detaileddescription>
<para><parameterlist kind="param"><parameteritem>
<parameternamelist>
<parametername>e</parametername>
</parameternamelist>
<parameterdescription>
<para>Estado atual do tabuleiro. </para>
</parameterdescription>
</parameteritem>
<parameteritem>
<parameternamelist>
<parametername>c</parametername>
</parameternamelist>
<parameterdescription>
<para>A coordenada a ser testada. </para>
</parameterdescription>
</parameteritem>
</parameterlist>
</para>
        </detaileddescription>
        <inbodydescription>
        </inbodydescription>
        <location file="Trab de Li 2 ATUAL/Logica.c" line="182" column="7" bodyfile="Trab de Li 2 ATUAL/Logica.c" bodystart="182" bodyend="209"/>
      </memberdef>
      <memberdef kind="function" id="_logica_8c_1a60a8eb9cbfb8d50716674ce3be1bc397" prot="public" static="no" const="no" explicit="no" inline="no" virt="non-virtual">
        <type><ref refid="struct_c_o_o_r_d_e_n_a_d_a" kindref="compound">COORDENADA</ref></type>
        <definition>COORDENADA rand_coord</definition>
        <argsstring>(LISTA l)</argsstring>
        <name>rand_coord</name>
        <param>
          <type><ref refid="_listas_8h_1a2ed03b19209dd10718380b31b09a69f5" kindref="member">LISTA</ref></type>
          <declname>l</declname>
        </param>
        <briefdescription>
<para>Devolve uma coordenada aleatória. </para>
        </briefdescription>
        <detaileddescription>
<para><parameterlist kind="param"><parameteritem>
<parameternamelist>
<parametername>l</parametername>
</parameternamelist>
<parameterdescription>
<para>lista de coordenadas. </para>
</parameterdescription>
</parameteritem>
</parameterlist>
</para>
        </detaileddescription>
        <inbodydescription>
        </inbodydescription>
        <location file="Trab de Li 2 ATUAL/Logica.c" line="211" column="12" bodyfile="Trab de Li 2 ATUAL/Logica.c" bodystart="211" bodyend="223"/>
      </memberdef>
      <memberdef kind="function" id="_logica_8c_1a39a83bbb6b186655ccf97b767db14278" prot="public" static="no" const="no" explicit="no" inline="no" virt="non-virtual">
        <type>int</type>
        <definition>int jogs</definition>
        <argsstring>(ESTADO *e)</argsstring>
        <name>jogs</name>
        <param>
          <type><ref refid="struct_e_s_t_a_d_o" kindref="compound">ESTADO</ref> *</type>
          <declname>e</declname>
        </param>
        <briefdescription>
<para>Realiza uma jogada segundo um algoritmo aleatório. </para>
        </briefdescription>
        <detaileddescription>
<para><parameterlist kind="param"><parameteritem>
<parameternamelist>
<parametername>e</parametername>
</parameternamelist>
<parameterdescription>
<para>Estado a ser alterado aleatoriamente. </para>
</parameterdescription>
</parameteritem>
</parameterlist>
</para>
        </detaileddescription>
        <inbodydescription>
        </inbodydescription>
        <location file="Trab de Li 2 ATUAL/Logica.c" line="225" column="5" bodyfile="Trab de Li 2 ATUAL/Logica.c" bodystart="225" bodyend="228"/>
      </memberdef>
      <memberdef kind="function" id="_logica_8c_1a2b49bc3be4951d6204937cc3a5b4e9c2" prot="public" static="no" const="no" explicit="no" inline="no" virt="non-virtual">
        <type>double</type>
        <definition>double distancia</definition>
        <argsstring>(COORDENADA c1, COORDENADA c2)</argsstring>
        <name>distancia</name>
        <param>
          <type><ref refid="struct_c_o_o_r_d_e_n_a_d_a" kindref="compound">COORDENADA</ref></type>
          <declname>c1</declname>
        </param>
        <param>
          <type><ref refid="struct_c_o_o_r_d_e_n_a_d_a" kindref="compound">COORDENADA</ref></type>
          <declname>c2</declname>
        </param>
        <briefdescription>
<para>Calcula a distancia entre dois pontos. </para>
        </briefdescription>
        <detaileddescription>
<para><parameterlist kind="param"><parameteritem>
<parameternamelist>
<parametername>c1</parametername>
</parameternamelist>
<parameterdescription>
<para>A primeira coordenada. </para>
</parameterdescription>
</parameteritem>
<parameteritem>
<parameternamelist>
<parametername>c2</parametername>
</parameternamelist>
<parameterdescription>
<para>A segunda coordenada. </para>
</parameterdescription>
</parameteritem>
</parameterlist>
<simplesect kind="return"><para>r A distância euclidiana. </para>
</simplesect>
</para>
        </detaileddescription>
        <inbodydescription>
        </inbodydescription>
        <location file="Trab de Li 2 ATUAL/Logica.c" line="230" column="8" bodyfile="Trab de Li 2 ATUAL/Logica.c" bodystart="230" bodyend="238"/>
      </memberdef>
      <memberdef kind="function" id="_logica_8c_1a8e0d5c76435c7186eb9081daf60e118f" prot="public" static="no" const="no" explicit="no" inline="no" virt="non-virtual">
        <type><ref refid="struct_c_o_o_r_d_e_n_a_d_a" kindref="compound">COORDENADA</ref></type>
        <definition>COORDENADA euclidiana</definition>
        <argsstring>(LISTA l, int player)</argsstring>
        <name>euclidiana</name>
        <param>
          <type><ref refid="_listas_8h_1a2ed03b19209dd10718380b31b09a69f5" kindref="member">LISTA</ref></type>
          <declname>l</declname>
        </param>
        <param>
          <type>int</type>
          <declname>player</declname>
        </param>
        <briefdescription>
<para>Devolve uma coordenada segundo a heuristica da distancia euclidiana. </para>
        </briefdescription>
        <detaileddescription>
<para><parameterlist kind="param"><parameteritem>
<parameternamelist>
<parametername>l</parametername>
</parameternamelist>
<parameterdescription>
<para>Lista de coordenadas disponiveis. </para>
</parameterdescription>
</parameteritem>
<parameteritem>
<parameternamelist>
<parametername>player</parametername>
</parameternamelist>
<parameterdescription>
<para>O jogador em questão. </para>
</parameterdescription>
</parameteritem>
</parameterlist>
<simplesect kind="return"><para>c A coordenada do jogador em questão. </para>
</simplesect>
</para>
        </detaileddescription>
        <inbodydescription>
        </inbodydescription>
        <location file="Trab de Li 2 ATUAL/Logica.c" line="240" column="12" bodyfile="Trab de Li 2 ATUAL/Logica.c" bodystart="240" bodyend="256"/>
      </memberdef>
      <memberdef kind="function" id="_logica_8c_1a9265b7919a412964be25c72de9b526ab" prot="public" static="no" const="no" explicit="no" inline="no" virt="non-virtual">
        <type>int</type>
        <definition>int jogs2</definition>
        <argsstring>(ESTADO *e)</argsstring>
        <name>jogs2</name>
        <param>
          <type><ref refid="struct_e_s_t_a_d_o" kindref="compound">ESTADO</ref> *</type>
          <declname>e</declname>
        </param>
        <briefdescription>
<para>Realiza uma jogada segundo um algoritmo de distância euclidiana. </para>
        </briefdescription>
        <detaileddescription>
<para><parameterlist kind="param"><parameteritem>
<parameternamelist>
<parametername>e</parametername>
</parameternamelist>
<parameterdescription>
<para>O estado em que vai ser feita a jogada </para>
</parameterdescription>
</parameteritem>
</parameterlist>
</para>
        </detaileddescription>
        <inbodydescription>
        </inbodydescription>
        <location file="Trab de Li 2 ATUAL/Logica.c" line="258" column="5" bodyfile="Trab de Li 2 ATUAL/Logica.c" bodystart="258" bodyend="261"/>
      </memberdef>
      </sectiondef>
    <briefdescription>
    </briefdescription>
    <detaileddescription>
    </detaileddescription>
    <programlisting>
<codeline lineno="1"><highlight class="preprocessor">#include<sp/>&quot;<ref refid="_dados_8h" kindref="compound">Dados.h</ref>&quot;</highlight><highlight class="normal"></highlight></codeline>
<codeline lineno="2"><highlight class="normal"></highlight><highlight class="preprocessor">#include<sp/>&lt;stdlib.h&gt;</highlight><highlight class="normal"></highlight></codeline>
<codeline lineno="3"><highlight class="normal"></highlight><highlight class="preprocessor">#include<sp/>&lt;time.h&gt;</highlight><highlight class="normal"></highlight></codeline>
<codeline lineno="4"><highlight class="normal"></highlight><highlight class="preprocessor">#include<sp/>&quot;<ref refid="_listas_8h" kindref="compound">Listas.h</ref>&quot;</highlight><highlight class="normal"></highlight></codeline>
<codeline lineno="5"><highlight class="normal"></highlight><highlight class="preprocessor">#include<sp/>&quot;<ref refid="_interface_8h" kindref="compound">Interface.h</ref>&quot;</highlight><highlight class="normal"></highlight></codeline>
<codeline lineno="6"><highlight class="normal"></highlight><highlight class="preprocessor">#include<sp/>&lt;math.h&gt;</highlight><highlight class="normal"></highlight></codeline>
<codeline lineno="7"><highlight class="normal"></highlight></codeline>
<codeline lineno="8"><highlight class="normal"></highlight></codeline>
<codeline lineno="9"><highlight class="normal"></highlight></codeline>
<codeline lineno="10"><highlight class="normal"></highlight><highlight class="keywordtype">int</highlight><highlight class="normal"><sp/><ref refid="_logica_8c_1a703fcaaa11665ec5eb0ff2a3dc60a420" kindref="member">quem_ganha</ref>(<ref refid="struct_e_s_t_a_d_o" kindref="compound">ESTADO</ref><sp/>*estado){</highlight></codeline>
<codeline lineno="11"><highlight class="normal"><sp/><sp/><sp/><sp/></highlight><highlight class="keywordflow">if</highlight><highlight class="normal"><sp/>(((<ref refid="_dados_8c_1a9c353ba627e6e10a25e2c44f0fa10d25" kindref="member">obter_linha_ult</ref>(estado)<sp/>==<sp/>0)&amp;&amp;(<ref refid="_dados_8c_1a7404297692d7f4b41adc3aaeb879a3b6" kindref="member">obter_coluna_ult</ref>(estado)<sp/>==<sp/>0))<sp/>||<sp/>(<ref refid="_dados_8c_1ad6e326e4ffa57ca1ae0c75377ecefc8c" kindref="member">obter_jogador_atual</ref>(estado)<sp/>==<sp/>2))</highlight></codeline>
<codeline lineno="12"><highlight class="normal"><sp/><sp/><sp/><sp/><sp/><sp/><sp/><sp/></highlight><highlight class="keywordflow">return</highlight><highlight class="normal"><sp/>1;</highlight></codeline>
<codeline lineno="13"><highlight class="normal"><sp/><sp/><sp/><sp/></highlight><highlight class="keywordflow">else</highlight><highlight class="normal"></highlight></codeline>
<codeline lineno="14"><highlight class="normal"><sp/><sp/><sp/><sp/><sp/><sp/><sp/><sp/></highlight><highlight class="keywordflow">return</highlight><highlight class="normal"><sp/>2;</highlight></codeline>
<codeline lineno="15"><highlight class="normal">}</highlight></codeline>
<codeline lineno="16"><highlight class="normal"></highlight></codeline>
<codeline lineno="17"><highlight class="normal"></highlight></codeline>
<codeline lineno="18"><highlight class="normal"></highlight><highlight class="keywordtype">int</highlight><highlight class="normal"><sp/><ref refid="_logica_8c_1a4eec13ff564158fa4077e44263639e95" kindref="member">encurralado</ref>(<ref refid="struct_e_s_t_a_d_o" kindref="compound">ESTADO</ref><sp/>*estado){</highlight></codeline>
<codeline lineno="19"><highlight class="normal"><sp/><sp/><sp/><sp/><ref refid="struct_c_o_o_r_d_e_n_a_d_a" kindref="compound">COORDENADA</ref><sp/>c;</highlight></codeline>
<codeline lineno="20"><highlight class="normal"><sp/><sp/><sp/><sp/>c<sp/>=<sp/><ref refid="_dados_8c_1a85df295fb7724429b9e97b13b5e70878" kindref="member">obter_coord_ult</ref>(estado);</highlight></codeline>
<codeline lineno="21"><highlight class="normal"><sp/><sp/><sp/><sp/><ref refid="structnodo" kindref="compound">LISTA</ref><sp/>l;</highlight></codeline>
<codeline lineno="22"><highlight class="normal"><sp/><sp/><sp/><sp/>l<sp/>=<sp/><ref refid="_logica_8c_1a4ed31b0ec6bb43c061b5decef4e2bf9e" kindref="member">casas_disp</ref>(estado,c);</highlight></codeline>
<codeline lineno="23"><highlight class="normal"><sp/><sp/><sp/><sp/></highlight><highlight class="keywordflow">if</highlight><highlight class="normal">(<ref refid="_listas_8c_1a4c10928f7acaa4e3de3760cea0dfd9c0" kindref="member">lista_esta_vazia</ref>(l)||(<ref refid="_listas_8c_1a4c10928f7acaa4e3de3760cea0dfd9c0" kindref="member">lista_esta_vazia</ref>(<ref refid="_listas_8c_1ad9380152361127432c55c1c6067e05ae" kindref="member">proximo</ref>(l))))</highlight></codeline>
<codeline lineno="24"><highlight class="normal"><sp/><sp/><sp/><sp/><sp/><sp/><sp/><sp/></highlight><highlight class="keywordflow">return</highlight><highlight class="normal"><sp/>1;</highlight></codeline>
<codeline lineno="25"><highlight class="normal"><sp/><sp/><sp/><sp/></highlight><highlight class="keywordflow">else</highlight><highlight class="normal"></highlight></codeline>
<codeline lineno="26"><highlight class="normal"><sp/><sp/><sp/><sp/><sp/><sp/><sp/><sp/></highlight><highlight class="keywordflow">return</highlight><highlight class="normal"><sp/>0;</highlight></codeline>
<codeline lineno="27"><highlight class="normal">}</highlight></codeline>
<codeline lineno="28"><highlight class="normal"></highlight></codeline>
<codeline lineno="29"><highlight class="normal"></highlight><highlight class="keywordtype">int</highlight><highlight class="normal"><sp/><ref refid="_logica_8c_1aa0ac5baf8b7b832c7d55e5b2c55e0039" kindref="member">e_vizinho</ref><sp/>(<ref refid="struct_c_o_o_r_d_e_n_a_d_a" kindref="compound">COORDENADA</ref><sp/>c1,<sp/><ref refid="struct_c_o_o_r_d_e_n_a_d_a" kindref="compound">COORDENADA</ref><sp/>c2){</highlight></codeline>
<codeline lineno="30"><highlight class="normal"><sp/><sp/><sp/><sp/></highlight><highlight class="keywordtype">int</highlight><highlight class="normal"><sp/>x1;</highlight></codeline>
<codeline lineno="31"><highlight class="normal"><sp/><sp/><sp/><sp/></highlight><highlight class="keywordtype">int</highlight><highlight class="normal"><sp/>x2;</highlight></codeline>
<codeline lineno="32"><highlight class="normal"><sp/><sp/><sp/><sp/></highlight><highlight class="keywordtype">int</highlight><highlight class="normal"><sp/>y1;</highlight></codeline>
<codeline lineno="33"><highlight class="normal"><sp/><sp/><sp/><sp/></highlight><highlight class="keywordtype">int</highlight><highlight class="normal"><sp/>y2;</highlight></codeline>
<codeline lineno="34"><highlight class="normal"><sp/><sp/><sp/><sp/>x1<sp/>=<sp/>c1.<ref refid="struct_c_o_o_r_d_e_n_a_d_a_1a4a2f44649af1dfbf8d13141d5a336455" kindref="member">coluna</ref>;</highlight></codeline>
<codeline lineno="35"><highlight class="normal"><sp/><sp/><sp/><sp/>y1<sp/>=<sp/>c1.<ref refid="struct_c_o_o_r_d_e_n_a_d_a_1af20d02e678ba0aeaf8727d747151baf0" kindref="member">linha</ref>;</highlight></codeline>
<codeline lineno="36"><highlight class="normal"><sp/><sp/><sp/><sp/>x2<sp/>=<sp/>c2.<ref refid="struct_c_o_o_r_d_e_n_a_d_a_1a4a2f44649af1dfbf8d13141d5a336455" kindref="member">coluna</ref>;</highlight></codeline>
<codeline lineno="37"><highlight class="normal"><sp/><sp/><sp/><sp/>y2<sp/>=<sp/>c2.<ref refid="struct_c_o_o_r_d_e_n_a_d_a_1af20d02e678ba0aeaf8727d747151baf0" kindref="member">linha</ref>;</highlight></codeline>
<codeline lineno="38"><highlight class="normal"><sp/><sp/><sp/><sp/></highlight><highlight class="keywordflow">if</highlight><highlight class="normal"><sp/>((abs(x1-x2)&lt;=<sp/>1)&amp;&amp;(abs(y1-y2)&lt;=<sp/>1))</highlight></codeline>
<codeline lineno="39"><highlight class="normal"><sp/><sp/><sp/><sp/><sp/><sp/><sp/><sp/></highlight><highlight class="keywordflow">return</highlight><highlight class="normal"><sp/>1;</highlight></codeline>
<codeline lineno="40"><highlight class="normal"><sp/><sp/><sp/><sp/></highlight><highlight class="keywordflow">else</highlight><highlight class="normal"></highlight></codeline>
<codeline lineno="41"><highlight class="normal"><sp/><sp/><sp/><sp/><sp/><sp/><sp/><sp/></highlight><highlight class="keywordflow">return</highlight><highlight class="normal"><sp/>0;</highlight></codeline>
<codeline lineno="42"><highlight class="normal">}</highlight></codeline>
<codeline lineno="43"><highlight class="normal"></highlight></codeline>
<codeline lineno="44"><highlight class="normal"></highlight></codeline>
<codeline lineno="45"><highlight class="normal"></highlight><highlight class="keywordtype">int</highlight><highlight class="normal"><sp/><ref refid="_logica_8c_1a64ca232dda323890b0b9df79370b79ed" kindref="member">e_vazio</ref><sp/>(<ref refid="struct_c_o_o_r_d_e_n_a_d_a" kindref="compound">COORDENADA</ref><sp/>c3,<sp/><ref refid="struct_e_s_t_a_d_o" kindref="compound">ESTADO</ref>*<sp/>state){</highlight></codeline>
<codeline lineno="46"><highlight class="normal"><sp/><sp/><sp/><sp/></highlight><highlight class="keywordtype">int</highlight><highlight class="normal"><sp/>x3;</highlight></codeline>
<codeline lineno="47"><highlight class="normal"><sp/><sp/><sp/><sp/></highlight><highlight class="keywordtype">int</highlight><highlight class="normal"><sp/>y3;</highlight></codeline>
<codeline lineno="48"><highlight class="normal"><sp/><sp/><sp/><sp/>x3<sp/>=<sp/>c3.<ref refid="struct_c_o_o_r_d_e_n_a_d_a_1a4a2f44649af1dfbf8d13141d5a336455" kindref="member">coluna</ref>;</highlight></codeline>
<codeline lineno="49"><highlight class="normal"><sp/><sp/><sp/><sp/>y3<sp/>=<sp/>c3.<ref refid="struct_c_o_o_r_d_e_n_a_d_a_1af20d02e678ba0aeaf8727d747151baf0" kindref="member">linha</ref>;</highlight></codeline>
<codeline lineno="50"><highlight class="normal"><sp/><sp/><sp/><sp/></highlight><highlight class="keywordflow">if</highlight><highlight class="normal"><sp/>(<ref refid="_dados_8c_1aaa1ed229d1bbebe93de9f27d13e4bfc2" kindref="member">obter_casa</ref>(state,<sp/>y3,<sp/>x3)==<ref refid="_dados_8h_1aba91601f16d4c485b2d9b8c429f27039abc711f491a56ec7af7a688be508c5113" kindref="member">VAZIO</ref><sp/>||<sp/><ref refid="_dados_8c_1aaa1ed229d1bbebe93de9f27d13e4bfc2" kindref="member">obter_casa</ref>(state,<sp/>y3,<sp/>x3)==<ref refid="_dados_8h_1aba91601f16d4c485b2d9b8c429f27039ab620e38b0268bee43c7e9a88bd6e73fa" kindref="member">UM</ref><sp/>||<sp/><ref refid="_dados_8c_1aaa1ed229d1bbebe93de9f27d13e4bfc2" kindref="member">obter_casa</ref>(state,<sp/>y3,<sp/>x3)==<ref refid="_dados_8h_1aba91601f16d4c485b2d9b8c429f27039a2bf153109d0c8b96e61bc18d5be7c5da" kindref="member">DOIS</ref>)</highlight></codeline>
<codeline lineno="51"><highlight class="normal"><sp/><sp/><sp/><sp/><sp/><sp/><sp/><sp/></highlight><highlight class="keywordflow">return</highlight><highlight class="normal"><sp/>1;</highlight></codeline>
<codeline lineno="52"><highlight class="normal"><sp/><sp/><sp/><sp/></highlight><highlight class="keywordflow">else</highlight><highlight class="normal"></highlight></codeline>
<codeline lineno="53"><highlight class="normal"><sp/><sp/><sp/><sp/><sp/><sp/><sp/><sp/></highlight><highlight class="keywordflow">return</highlight><highlight class="normal"><sp/>0;</highlight></codeline>
<codeline lineno="54"><highlight class="normal">}</highlight></codeline>
<codeline lineno="55"><highlight class="normal"></highlight></codeline>
<codeline lineno="56"><highlight class="normal"></highlight></codeline>
<codeline lineno="57"><highlight class="normal"></highlight><highlight class="keywordtype">int</highlight><highlight class="normal"><sp/><ref refid="_logica_8c_1aa8a94d8d4817ff867bd6ba658c9fc9ba" kindref="member">e_peca</ref><sp/>(<ref refid="struct_c_o_o_r_d_e_n_a_d_a" kindref="compound">COORDENADA</ref><sp/>c){</highlight></codeline>
<codeline lineno="58"><highlight class="normal"><sp/><sp/><sp/><sp/></highlight><highlight class="keywordflow">if</highlight><highlight class="normal"><sp/>(((c.<ref refid="struct_c_o_o_r_d_e_n_a_d_a_1a4a2f44649af1dfbf8d13141d5a336455" kindref="member">coluna</ref><sp/>&gt;=<sp/>0)&amp;&amp;(c.<ref refid="struct_c_o_o_r_d_e_n_a_d_a_1a4a2f44649af1dfbf8d13141d5a336455" kindref="member">coluna</ref><sp/>&lt;=<sp/>7))&amp;&amp;((c.<ref refid="struct_c_o_o_r_d_e_n_a_d_a_1af20d02e678ba0aeaf8727d747151baf0" kindref="member">linha</ref><sp/>&gt;=<sp/>0)&amp;&amp;(c.<ref refid="struct_c_o_o_r_d_e_n_a_d_a_1af20d02e678ba0aeaf8727d747151baf0" kindref="member">linha</ref><sp/>&lt;=<sp/>7)))</highlight></codeline>
<codeline lineno="59"><highlight class="normal"><sp/><sp/><sp/><sp/><sp/><sp/><sp/><sp/></highlight><highlight class="keywordflow">return</highlight><highlight class="normal"><sp/>1;</highlight></codeline>
<codeline lineno="60"><highlight class="normal"><sp/><sp/><sp/><sp/></highlight><highlight class="keywordflow">else</highlight><highlight class="normal"></highlight></codeline>
<codeline lineno="61"><highlight class="normal"><sp/><sp/><sp/><sp/><sp/><sp/><sp/><sp/></highlight><highlight class="keywordflow">return</highlight><highlight class="normal"><sp/>0;</highlight></codeline>
<codeline lineno="62"><highlight class="normal">}</highlight></codeline>
<codeline lineno="63"><highlight class="normal"></highlight></codeline>
<codeline lineno="64"><highlight class="normal"><ref refid="_dados_8h_1aba91601f16d4c485b2d9b8c429f27039" kindref="member">CASA</ref><sp/><ref refid="_logica_8c_1a907bfeffe2704d04fad9c185bac094b3" kindref="member">qualcasa</ref><sp/>(</highlight><highlight class="keywordtype">char</highlight><highlight class="normal"><sp/>c){</highlight></codeline>
<codeline lineno="65"><highlight class="normal"><sp/><sp/><sp/><sp/></highlight><highlight class="keywordflow">if</highlight><highlight class="normal"><sp/>(c<sp/>==<sp/></highlight><highlight class="charliteral">&apos;#&apos;</highlight><highlight class="normal">)</highlight></codeline>
<codeline lineno="66"><highlight class="normal"><sp/><sp/><sp/><sp/><sp/><sp/><sp/><sp/></highlight><highlight class="keywordflow">return</highlight><highlight class="normal"><sp/><ref refid="_dados_8h_1aba91601f16d4c485b2d9b8c429f27039a007278eb3827d19891b47cdd3ac8846d" kindref="member">PRETA</ref>;</highlight></codeline>
<codeline lineno="67"><highlight class="normal"><sp/><sp/><sp/><sp/></highlight><highlight class="keywordflow">else</highlight><highlight class="normal"><sp/></highlight><highlight class="keywordflow">if</highlight><highlight class="normal"><sp/>(c<sp/>==<sp/></highlight><highlight class="charliteral">&apos;*&apos;</highlight><highlight class="normal">)</highlight></codeline>
<codeline lineno="68"><highlight class="normal"><sp/><sp/><sp/><sp/><sp/><sp/><sp/><sp/></highlight><highlight class="keywordflow">return</highlight><highlight class="normal"><sp/><ref refid="_dados_8h_1aba91601f16d4c485b2d9b8c429f27039ad24485fddec75419fd4a0cc9edda0ca5" kindref="member">BRANCA</ref>;</highlight></codeline>
<codeline lineno="69"><highlight class="normal"><sp/><sp/><sp/><sp/></highlight><highlight class="keywordflow">else</highlight><highlight class="normal"><sp/></highlight><highlight class="keywordflow">if</highlight><highlight class="normal"><sp/>(c<sp/>==<sp/></highlight><highlight class="charliteral">&apos;2&apos;</highlight><highlight class="normal">)</highlight></codeline>
<codeline lineno="70"><highlight class="normal"><sp/><sp/><sp/><sp/><sp/><sp/><sp/><sp/></highlight><highlight class="keywordflow">return</highlight><highlight class="normal"><sp/><ref refid="_dados_8h_1aba91601f16d4c485b2d9b8c429f27039a2bf153109d0c8b96e61bc18d5be7c5da" kindref="member">DOIS</ref>;</highlight></codeline>
<codeline lineno="71"><highlight class="normal"><sp/><sp/><sp/><sp/></highlight><highlight class="keywordflow">else</highlight><highlight class="normal"><sp/></highlight><highlight class="keywordflow">if</highlight><highlight class="normal"><sp/>(c<sp/>==<sp/></highlight><highlight class="charliteral">&apos;1&apos;</highlight><highlight class="normal">)</highlight></codeline>
<codeline lineno="72"><highlight class="normal"><sp/><sp/><sp/><sp/><sp/><sp/><sp/><sp/></highlight><highlight class="keywordflow">return</highlight><highlight class="normal"><sp/><ref refid="_dados_8h_1aba91601f16d4c485b2d9b8c429f27039ab620e38b0268bee43c7e9a88bd6e73fa" kindref="member">UM</ref>;</highlight></codeline>
<codeline lineno="73"><highlight class="normal"><sp/><sp/><sp/><sp/></highlight><highlight class="keywordflow">else</highlight><highlight class="normal"></highlight></codeline>
<codeline lineno="74"><highlight class="normal"><sp/><sp/><sp/><sp/><sp/><sp/><sp/><sp/></highlight><highlight class="keywordflow">return</highlight><highlight class="normal"><sp/><ref refid="_dados_8h_1aba91601f16d4c485b2d9b8c429f27039abc711f491a56ec7af7a688be508c5113" kindref="member">VAZIO</ref>;</highlight></codeline>
<codeline lineno="75"><highlight class="normal">}</highlight></codeline>
<codeline lineno="76"><highlight class="normal"></highlight></codeline>
<codeline lineno="77"><highlight class="normal"></highlight><highlight class="keywordtype">int</highlight><highlight class="normal"><sp/><ref refid="_logica_8c_1a819b689cf358a197b747e52b27ad30f2" kindref="member">vencer</ref>(<ref refid="struct_e_s_t_a_d_o" kindref="compound">ESTADO</ref><sp/>*estado){</highlight></codeline>
<codeline lineno="78"><highlight class="normal"><sp/><sp/><sp/><sp/></highlight><highlight class="keywordflow">if</highlight><highlight class="normal"><sp/>(((<ref refid="_dados_8c_1a9c353ba627e6e10a25e2c44f0fa10d25" kindref="member">obter_linha_ult</ref>(estado)<sp/>==<sp/>0)&amp;&amp;(<ref refid="_dados_8c_1a7404297692d7f4b41adc3aaeb879a3b6" kindref="member">obter_coluna_ult</ref>(estado)<sp/>==<sp/>0))<sp/>||<sp/>((<ref refid="_dados_8c_1a9c353ba627e6e10a25e2c44f0fa10d25" kindref="member">obter_linha_ult</ref>(estado)<sp/>==<sp/>7)&amp;&amp;(<ref refid="_dados_8c_1a7404297692d7f4b41adc3aaeb879a3b6" kindref="member">obter_coluna_ult</ref>(estado)<sp/>==<sp/>7))<sp/>||<sp/>(<ref refid="_logica_8c_1a4eec13ff564158fa4077e44263639e95" kindref="member">encurralado</ref>(estado)))</highlight></codeline>
<codeline lineno="79"><highlight class="normal"><sp/><sp/><sp/><sp/><sp/><sp/><sp/><sp/></highlight><highlight class="keywordflow">return</highlight><highlight class="normal"><sp/>0;</highlight></codeline>
<codeline lineno="80"><highlight class="normal"><sp/><sp/><sp/><sp/></highlight><highlight class="keywordflow">else</highlight><highlight class="normal"></highlight></codeline>
<codeline lineno="81"><highlight class="normal"><sp/><sp/><sp/><sp/><sp/><sp/><sp/><sp/></highlight><highlight class="keywordflow">return</highlight><highlight class="normal"><sp/>1;</highlight></codeline>
<codeline lineno="82"><highlight class="normal">}</highlight></codeline>
<codeline lineno="83"><highlight class="normal"></highlight></codeline>
<codeline lineno="84"><highlight class="normal"></highlight><highlight class="keywordtype">int</highlight><highlight class="normal"><sp/><ref refid="_logica_8c_1ac313d7e553b1e2b5f266acb9bfff8141" kindref="member">jogar</ref>(<ref refid="struct_e_s_t_a_d_o" kindref="compound">ESTADO</ref><sp/>*e,<sp/><ref refid="struct_c_o_o_r_d_e_n_a_d_a" kindref="compound">COORDENADA</ref><sp/>c)<sp/>{</highlight></codeline>
<codeline lineno="85"><highlight class="normal"><sp/><sp/><sp/><sp/></highlight><highlight class="keywordtype">int</highlight><highlight class="normal"><sp/>xu;</highlight></codeline>
<codeline lineno="86"><highlight class="normal"><sp/><sp/><sp/><sp/></highlight><highlight class="keywordtype">int</highlight><highlight class="normal"><sp/>yu;</highlight></codeline>
<codeline lineno="87"><highlight class="normal"><sp/><sp/><sp/><sp/>xu<sp/>=<sp/><ref refid="_dados_8c_1a7404297692d7f4b41adc3aaeb879a3b6" kindref="member">obter_coluna_ult</ref>(e);</highlight></codeline>
<codeline lineno="88"><highlight class="normal"><sp/><sp/><sp/><sp/>yu<sp/>=<sp/><ref refid="_dados_8c_1a9c353ba627e6e10a25e2c44f0fa10d25" kindref="member">obter_linha_ult</ref>(e);</highlight></codeline>
<codeline lineno="89"><highlight class="normal"><sp/><sp/><sp/><sp/></highlight><highlight class="keywordtype">int</highlight><highlight class="normal"><sp/>l;</highlight></codeline>
<codeline lineno="90"><highlight class="normal"><sp/><sp/><sp/><sp/></highlight><highlight class="keywordtype">int</highlight><highlight class="normal"><sp/>co;</highlight></codeline>
<codeline lineno="91"><highlight class="normal"><sp/><sp/><sp/><sp/>l<sp/>=<sp/>c.<ref refid="struct_c_o_o_r_d_e_n_a_d_a_1af20d02e678ba0aeaf8727d747151baf0" kindref="member">linha</ref>;</highlight></codeline>
<codeline lineno="92"><highlight class="normal"><sp/><sp/><sp/><sp/>co<sp/>=<sp/>c.<ref refid="struct_c_o_o_r_d_e_n_a_d_a_1a4a2f44649af1dfbf8d13141d5a336455" kindref="member">coluna</ref>;</highlight></codeline>
<codeline lineno="93"><highlight class="normal"><sp/><sp/><sp/><sp/></highlight><highlight class="keywordflow">if</highlight><highlight class="normal"><sp/>((<ref refid="_logica_8c_1a64ca232dda323890b0b9df79370b79ed" kindref="member">e_vazio</ref>(c,e))<sp/>&amp;&amp;<sp/>(<ref refid="_logica_8c_1aa0ac5baf8b7b832c7d55e5b2c55e0039" kindref="member">e_vizinho</ref>(c,<sp/><ref refid="_dados_8c_1a85df295fb7724429b9e97b13b5e70878" kindref="member">obter_coord_ult</ref>(e)))<sp/>&amp;&amp;<sp/>(<ref refid="_logica_8c_1aa8a94d8d4817ff867bd6ba658c9fc9ba" kindref="member">e_peca</ref>(c)))<sp/>{</highlight></codeline>
<codeline lineno="94"><highlight class="normal"><sp/><sp/><sp/><sp/><sp/><sp/><sp/><sp/><ref refid="_dados_8c_1a4bf4d4f1ccce3b17ef05423cd366b9e0" kindref="member">alteracasa</ref>(e,xu,yu,<ref refid="_dados_8h_1aba91601f16d4c485b2d9b8c429f27039a007278eb3827d19891b47cdd3ac8846d" kindref="member">PRETA</ref>);</highlight></codeline>
<codeline lineno="95"><highlight class="normal"><sp/><sp/><sp/><sp/><sp/><sp/><sp/><sp/><ref refid="_dados_8c_1a4bf4d4f1ccce3b17ef05423cd366b9e0" kindref="member">alteracasa</ref>(e,co,l,<ref refid="_dados_8h_1aba91601f16d4c485b2d9b8c429f27039ad24485fddec75419fd4a0cc9edda0ca5" kindref="member">BRANCA</ref>);</highlight></codeline>
<codeline lineno="96"><highlight class="normal"><sp/><sp/><sp/><sp/><sp/><sp/><sp/><sp/></highlight><highlight class="keywordflow">if</highlight><highlight class="normal"><sp/>(<ref refid="_dados_8c_1ad6e326e4ffa57ca1ae0c75377ecefc8c" kindref="member">obter_jogador_atual</ref>(e)<sp/>==<sp/>1){</highlight></codeline>
<codeline lineno="97"><highlight class="normal"><sp/><sp/><sp/><sp/><sp/><sp/><sp/><sp/><sp/><sp/><sp/><sp/><ref refid="_dados_8c_1aa5477de13b00cc1d1950d8314c268de6" kindref="member">guarda_jogada_coord</ref>(e,1,<ref refid="_dados_8c_1a6cd0b387bdee9e18003c78852394aa63" kindref="member">obter_numero_de_jogadas</ref>(e)-1,c);</highlight></codeline>
<codeline lineno="98"><highlight class="normal"><sp/><sp/><sp/><sp/><sp/><sp/><sp/><sp/><sp/><sp/><sp/><sp/><ref refid="_dados_8c_1ae7bce55ca6469ed653b6b668d652504d" kindref="member">guardar_jogador</ref>(e,2);</highlight></codeline>
<codeline lineno="99"><highlight class="normal"><sp/><sp/><sp/><sp/><sp/><sp/><sp/><sp/>}</highlight></codeline>
<codeline lineno="100"><highlight class="normal"><sp/><sp/><sp/><sp/><sp/><sp/><sp/><sp/></highlight><highlight class="keywordflow">else</highlight><highlight class="normal"><sp/>{</highlight></codeline>
<codeline lineno="101"><highlight class="normal"><sp/><sp/><sp/><sp/><sp/><sp/><sp/><sp/><sp/><sp/><sp/><sp/><ref refid="_dados_8c_1aa5477de13b00cc1d1950d8314c268de6" kindref="member">guarda_jogada_coord</ref>(e,2,<ref refid="_dados_8c_1a6cd0b387bdee9e18003c78852394aa63" kindref="member">obter_numero_de_jogadas</ref>(e)-1,c);</highlight></codeline>
<codeline lineno="102"><highlight class="normal"><sp/><sp/><sp/><sp/><sp/><sp/><sp/><sp/><sp/><sp/><sp/><sp/><ref refid="_dados_8c_1ae7bce55ca6469ed653b6b668d652504d" kindref="member">guardar_jogador</ref>(e,1);</highlight></codeline>
<codeline lineno="103"><highlight class="normal"><sp/><sp/><sp/><sp/><sp/><sp/><sp/><sp/><sp/><sp/><sp/><sp/><ref refid="_dados_8c_1a616a1f3045d63dda6820e06ab87b42ce" kindref="member">guarda_num_jogs</ref>(e,<ref refid="_dados_8c_1a6cd0b387bdee9e18003c78852394aa63" kindref="member">obter_numero_de_jogadas</ref>(e)+1);</highlight></codeline>
<codeline lineno="104"><highlight class="normal"><sp/><sp/><sp/><sp/><sp/><sp/><sp/><sp/>}</highlight></codeline>
<codeline lineno="105"><highlight class="normal"><sp/><sp/><sp/><sp/><sp/><sp/><sp/><sp/><ref refid="_dados_8c_1a0cecf912ae5bddea7a59d684c7cfe1ba" kindref="member">guarda_ultima_jog</ref>(e,l,co);</highlight></codeline>
<codeline lineno="106"><highlight class="normal"><sp/><sp/><sp/><sp/>}</highlight></codeline>
<codeline lineno="107"><highlight class="normal"><sp/><sp/><sp/><sp/></highlight><highlight class="keywordflow">else</highlight><highlight class="normal">{</highlight></codeline>
<codeline lineno="108"><highlight class="normal"><sp/><sp/><sp/><sp/><sp/><sp/><sp/><sp/><ref refid="_interface_8c_1aa12c29340c66dea6b85486aafce73e58" kindref="member">erros</ref>(1);</highlight></codeline>
<codeline lineno="109"><highlight class="normal"><sp/><sp/><sp/><sp/><sp/><sp/><sp/><sp/><ref refid="_dados_8c_1a4bf4d4f1ccce3b17ef05423cd366b9e0" kindref="member">alteracasa</ref>(e,xu,yu,<ref refid="_dados_8h_1aba91601f16d4c485b2d9b8c429f27039ad24485fddec75419fd4a0cc9edda0ca5" kindref="member">BRANCA</ref>);</highlight></codeline>
<codeline lineno="110"><highlight class="normal"><sp/><sp/><sp/><sp/>}</highlight></codeline>
<codeline lineno="111"><highlight class="normal"><sp/><sp/><sp/><sp/></highlight><highlight class="keywordtype">int</highlight><highlight class="normal"><sp/>nj;</highlight></codeline>
<codeline lineno="112"><highlight class="normal"><sp/><sp/><sp/><sp/>nj<sp/>=<sp/><ref refid="_dados_8c_1a6cd0b387bdee9e18003c78852394aa63" kindref="member">obter_numero_de_jogadas</ref>(e);</highlight></codeline>
<codeline lineno="113"><highlight class="normal"><sp/><sp/><sp/><sp/></highlight><highlight class="keywordflow">while</highlight><highlight class="normal">(nj<sp/>&lt;<sp/>32){</highlight></codeline>
<codeline lineno="114"><highlight class="normal"><sp/><sp/><sp/><sp/><sp/><sp/><sp/><sp/><ref refid="_dados_8c_1a09b3a38b3ae012990530ac8107d80569" kindref="member">guarda_jogada</ref>(e,1,nj,4,4);</highlight></codeline>
<codeline lineno="115"><highlight class="normal"><sp/><sp/><sp/><sp/><sp/><sp/><sp/><sp/><ref refid="_dados_8c_1a09b3a38b3ae012990530ac8107d80569" kindref="member">guarda_jogada</ref>(e,2,nj,4,4);</highlight></codeline>
<codeline lineno="116"><highlight class="normal"><sp/><sp/><sp/><sp/><sp/><sp/><sp/><sp/>nj++;</highlight></codeline>
<codeline lineno="117"><highlight class="normal"><sp/><sp/><sp/><sp/>}</highlight></codeline>
<codeline lineno="118"><highlight class="normal"><sp/><sp/><sp/><sp/></highlight><highlight class="keywordflow">return</highlight><highlight class="normal"><sp/>1;</highlight></codeline>
<codeline lineno="119"><highlight class="normal">}</highlight></codeline>
<codeline lineno="120"><highlight class="normal"></highlight></codeline>
<codeline lineno="121"><highlight class="normal"><ref refid="struct_e_s_t_a_d_o" kindref="compound">ESTADO</ref><sp/>*<sp/><ref refid="_logica_8c_1a1598427912dd475a62c8510b9954e850" kindref="member">reset_tab</ref><sp/>(<ref refid="struct_e_s_t_a_d_o" kindref="compound">ESTADO</ref><sp/>*e){</highlight></codeline>
<codeline lineno="122"><highlight class="normal"><sp/><sp/><sp/><sp/></highlight><highlight class="keywordtype">int</highlight><highlight class="normal"><sp/>i2<sp/>=<sp/>0;</highlight></codeline>
<codeline lineno="123"><highlight class="normal"><sp/><sp/><sp/><sp/></highlight><highlight class="keywordflow">while</highlight><highlight class="normal"><sp/>(i2<sp/>&lt;<sp/>8)<sp/>{</highlight></codeline>
<codeline lineno="124"><highlight class="normal"><sp/><sp/><sp/><sp/><sp/><sp/><sp/><sp/></highlight><highlight class="keywordtype">int</highlight><highlight class="normal"><sp/>i3<sp/>=<sp/>0;</highlight></codeline>
<codeline lineno="125"><highlight class="normal"><sp/><sp/><sp/><sp/><sp/><sp/><sp/><sp/></highlight><highlight class="keywordflow">while</highlight><highlight class="normal"><sp/>(i3<sp/>&lt;<sp/>8)<sp/>{</highlight></codeline>
<codeline lineno="126"><highlight class="normal"><sp/><sp/><sp/><sp/><sp/><sp/><sp/><sp/><sp/><sp/><sp/><sp/><ref refid="_dados_8c_1a4bf4d4f1ccce3b17ef05423cd366b9e0" kindref="member">alteracasa</ref>(e,i2,i3,<ref refid="_dados_8h_1aba91601f16d4c485b2d9b8c429f27039abc711f491a56ec7af7a688be508c5113" kindref="member">VAZIO</ref>);</highlight></codeline>
<codeline lineno="127"><highlight class="normal"><sp/><sp/><sp/><sp/><sp/><sp/><sp/><sp/><sp/><sp/><sp/><sp/>i3++;</highlight></codeline>
<codeline lineno="128"><highlight class="normal"><sp/><sp/><sp/><sp/><sp/><sp/><sp/><sp/>}</highlight></codeline>
<codeline lineno="129"><highlight class="normal"><sp/><sp/><sp/><sp/><sp/><sp/><sp/><sp/>i2++;</highlight></codeline>
<codeline lineno="130"><highlight class="normal"><sp/><sp/><sp/><sp/>}</highlight></codeline>
<codeline lineno="131"><highlight class="normal"><sp/><sp/><sp/><sp/><ref refid="_dados_8c_1a4bf4d4f1ccce3b17ef05423cd366b9e0" kindref="member">alteracasa</ref>(e,0,0,<ref refid="_dados_8h_1aba91601f16d4c485b2d9b8c429f27039ab620e38b0268bee43c7e9a88bd6e73fa" kindref="member">UM</ref>);</highlight></codeline>
<codeline lineno="132"><highlight class="normal"><sp/><sp/><sp/><sp/><ref refid="_dados_8c_1a4bf4d4f1ccce3b17ef05423cd366b9e0" kindref="member">alteracasa</ref>(e,7,7,<ref refid="_dados_8h_1aba91601f16d4c485b2d9b8c429f27039a2bf153109d0c8b96e61bc18d5be7c5da" kindref="member">DOIS</ref>);</highlight></codeline>
<codeline lineno="133"><highlight class="normal"><sp/><sp/><sp/><sp/><ref refid="_dados_8c_1a4bf4d4f1ccce3b17ef05423cd366b9e0" kindref="member">alteracasa</ref>(e,4,4,<ref refid="_dados_8h_1aba91601f16d4c485b2d9b8c429f27039a007278eb3827d19891b47cdd3ac8846d" kindref="member">PRETA</ref>);</highlight></codeline>
<codeline lineno="134"><highlight class="normal"><sp/><sp/><sp/><sp/></highlight><highlight class="keywordflow">return</highlight><highlight class="normal"><sp/>e;</highlight></codeline>
<codeline lineno="135"><highlight class="normal">}</highlight></codeline>
<codeline lineno="136"><highlight class="normal"></highlight></codeline>
<codeline lineno="137"><highlight class="normal"></highlight><highlight class="keywordtype">int</highlight><highlight class="normal"><sp/>*<ref refid="_logica_8c_1a68e94a3c0d51af8099f17908ed15cfa8" kindref="member">desenha_jogada</ref>(<ref refid="struct_e_s_t_a_d_o" kindref="compound">ESTADO</ref><sp/>*e,<sp/><ref refid="struct_j_o_g_a_d_a" kindref="compound">JOGADA</ref><sp/>jogada){</highlight></codeline>
<codeline lineno="138"><highlight class="normal"><sp/><sp/><sp/><sp/></highlight><highlight class="keywordtype">int</highlight><highlight class="normal"><sp/>x1<sp/>=<sp/>jogada.<ref refid="struct_j_o_g_a_d_a_1aad7d21d5a8e288caf7e90f717066aa09" kindref="member">jogador1</ref>.<ref refid="struct_c_o_o_r_d_e_n_a_d_a_1a4a2f44649af1dfbf8d13141d5a336455" kindref="member">coluna</ref>;</highlight></codeline>
<codeline lineno="139"><highlight class="normal"><sp/><sp/><sp/><sp/></highlight><highlight class="keywordtype">int</highlight><highlight class="normal"><sp/>y1<sp/>=<sp/>jogada.<ref refid="struct_j_o_g_a_d_a_1aad7d21d5a8e288caf7e90f717066aa09" kindref="member">jogador1</ref>.<ref refid="struct_c_o_o_r_d_e_n_a_d_a_1af20d02e678ba0aeaf8727d747151baf0" kindref="member">linha</ref>;</highlight></codeline>
<codeline lineno="140"><highlight class="normal"><sp/><sp/><sp/><sp/><ref refid="_dados_8c_1a4bf4d4f1ccce3b17ef05423cd366b9e0" kindref="member">alteracasa</ref>(e,x1,y1,<ref refid="_dados_8h_1aba91601f16d4c485b2d9b8c429f27039a007278eb3827d19891b47cdd3ac8846d" kindref="member">PRETA</ref>);</highlight></codeline>
<codeline lineno="141"><highlight class="normal"><sp/><sp/><sp/><sp/></highlight><highlight class="keywordtype">int</highlight><highlight class="normal"><sp/>x2<sp/>=<sp/>jogada.<ref refid="struct_j_o_g_a_d_a_1a3dc122c89c610e66c84c57e574e2fdc0" kindref="member">jogador2</ref>.<ref refid="struct_c_o_o_r_d_e_n_a_d_a_1a4a2f44649af1dfbf8d13141d5a336455" kindref="member">coluna</ref>;</highlight></codeline>
<codeline lineno="142"><highlight class="normal"><sp/><sp/><sp/><sp/></highlight><highlight class="keywordtype">int</highlight><highlight class="normal"><sp/>y2<sp/>=<sp/>jogada.<ref refid="struct_j_o_g_a_d_a_1a3dc122c89c610e66c84c57e574e2fdc0" kindref="member">jogador2</ref>.<ref refid="struct_c_o_o_r_d_e_n_a_d_a_1af20d02e678ba0aeaf8727d747151baf0" kindref="member">linha</ref>;</highlight></codeline>
<codeline lineno="143"><highlight class="normal"><sp/><sp/><sp/><sp/><ref refid="_dados_8c_1a4bf4d4f1ccce3b17ef05423cd366b9e0" kindref="member">alteracasa</ref>(e,x2,y2,<ref refid="_dados_8h_1aba91601f16d4c485b2d9b8c429f27039a007278eb3827d19891b47cdd3ac8846d" kindref="member">PRETA</ref>);</highlight></codeline>
<codeline lineno="144"><highlight class="normal"><sp/><sp/><sp/><sp/></highlight><highlight class="keywordflow">return</highlight><highlight class="normal"><sp/>0;</highlight></codeline>
<codeline lineno="145"><highlight class="normal">}</highlight></codeline>
<codeline lineno="146"><highlight class="normal"></highlight></codeline>
<codeline lineno="147"><highlight class="normal"></highlight></codeline>
<codeline lineno="148"><highlight class="normal"></highlight><highlight class="keywordtype">void</highlight><highlight class="normal"><sp/><ref refid="_logica_8c_1a0de576437e8b6e3c224a112334f018f1" kindref="member">pos</ref><sp/>(<ref refid="struct_e_s_t_a_d_o" kindref="compound">ESTADO</ref><sp/>*e,<sp/></highlight><highlight class="keywordtype">int</highlight><highlight class="normal"><sp/>i){</highlight></codeline>
<codeline lineno="149"><highlight class="normal"><sp/><sp/><sp/><sp/></highlight><highlight class="keywordtype">int</highlight><highlight class="normal"><sp/>in<sp/>=<sp/>0;</highlight></codeline>
<codeline lineno="150"><highlight class="normal"><sp/><sp/><sp/><sp/><ref refid="struct_j_o_g_a_d_a" kindref="compound">JOGADA</ref><sp/>play;</highlight></codeline>
<codeline lineno="151"><highlight class="normal"><sp/><sp/><sp/><sp/><ref refid="_logica_8c_1a1598427912dd475a62c8510b9954e850" kindref="member">reset_tab</ref>(e);</highlight></codeline>
<codeline lineno="152"><highlight class="normal"><sp/><sp/><sp/><sp/></highlight><highlight class="keywordtype">int</highlight><highlight class="normal"><sp/>x;</highlight></codeline>
<codeline lineno="153"><highlight class="normal"><sp/><sp/><sp/><sp/></highlight><highlight class="keywordtype">int</highlight><highlight class="normal"><sp/>y;</highlight></codeline>
<codeline lineno="154"><highlight class="normal"><sp/><sp/><sp/><sp/></highlight><highlight class="keywordflow">if</highlight><highlight class="normal"><sp/>(i<sp/>==<sp/>0){</highlight></codeline>
<codeline lineno="155"><highlight class="normal"><sp/><sp/><sp/><sp/><sp/><sp/><sp/><sp/><ref refid="_logica_8c_1a1598427912dd475a62c8510b9954e850" kindref="member">reset_tab</ref>(e);</highlight></codeline>
<codeline lineno="156"><highlight class="normal"><sp/><sp/><sp/><sp/><sp/><sp/><sp/><sp/><ref refid="_dados_8c_1a4bf4d4f1ccce3b17ef05423cd366b9e0" kindref="member">alteracasa</ref>(e,4,4,<ref refid="_dados_8h_1aba91601f16d4c485b2d9b8c429f27039ad24485fddec75419fd4a0cc9edda0ca5" kindref="member">BRANCA</ref>);</highlight></codeline>
<codeline lineno="157"><highlight class="normal"><sp/><sp/><sp/><sp/><sp/><sp/><sp/><sp/><ref refid="_dados_8c_1a0cecf912ae5bddea7a59d684c7cfe1ba" kindref="member">guarda_ultima_jog</ref>(e,4,4);</highlight></codeline>
<codeline lineno="158"><highlight class="normal"><sp/><sp/><sp/><sp/>}</highlight></codeline>
<codeline lineno="159"><highlight class="normal"><sp/><sp/><sp/><sp/></highlight><highlight class="keywordflow">else</highlight><highlight class="normal">{</highlight></codeline>
<codeline lineno="160"><highlight class="normal"><sp/><sp/><sp/><sp/><sp/><sp/><sp/><sp/></highlight><highlight class="keywordflow">while</highlight><highlight class="normal"><sp/>(in<sp/>&lt;<sp/>i){</highlight></codeline>
<codeline lineno="161"><highlight class="normal"><sp/><sp/><sp/><sp/><sp/><sp/><sp/><sp/><sp/><sp/><sp/><sp/>play<sp/>=<sp/><ref refid="_dados_8c_1a4485783336588338b42f5ec04dea2a44" kindref="member">obter_jogadas</ref>(e,<sp/>in);</highlight></codeline>
<codeline lineno="162"><highlight class="normal"><sp/><sp/><sp/><sp/><sp/><sp/><sp/><sp/><sp/><sp/><sp/><sp/><ref refid="_logica_8c_1a68e94a3c0d51af8099f17908ed15cfa8" kindref="member">desenha_jogada</ref>(e,play);</highlight></codeline>
<codeline lineno="163"><highlight class="normal"><sp/><sp/><sp/><sp/><sp/><sp/><sp/><sp/><sp/><sp/><sp/><sp/>in++;</highlight></codeline>
<codeline lineno="164"><highlight class="normal"><sp/><sp/><sp/><sp/><sp/><sp/><sp/><sp/>}</highlight></codeline>
<codeline lineno="165"><highlight class="normal"><sp/><sp/><sp/><sp/><sp/><sp/><sp/><sp/></highlight><highlight class="keywordflow">if</highlight><highlight class="normal">(<ref refid="_dados_8c_1aa5d95d7b98978570b798964a3de01d24" kindref="member">obter_linha</ref>(e,2,in-1)<sp/>==<sp/>9){</highlight></codeline>
<codeline lineno="166"><highlight class="normal"><sp/><sp/><sp/><sp/><sp/><sp/><sp/><sp/><sp/><sp/><sp/><sp/>y<sp/>=<sp/><ref refid="_dados_8c_1aa5d95d7b98978570b798964a3de01d24" kindref="member">obter_linha</ref>(e,1,in-1);</highlight></codeline>
<codeline lineno="167"><highlight class="normal"><sp/><sp/><sp/><sp/><sp/><sp/><sp/><sp/><sp/><sp/><sp/><sp/>x<sp/>=<sp/><ref refid="_dados_8c_1a193d8b430c7cdf263d03e2d557e0ebeb" kindref="member">obter_coluna</ref>(e,1,in-1);</highlight></codeline>
<codeline lineno="168"><highlight class="normal"><sp/><sp/><sp/><sp/><sp/><sp/><sp/><sp/><sp/><sp/><sp/><sp/><ref refid="_dados_8c_1a4bf4d4f1ccce3b17ef05423cd366b9e0" kindref="member">alteracasa</ref>(e,x,y,<ref refid="_dados_8h_1aba91601f16d4c485b2d9b8c429f27039ad24485fddec75419fd4a0cc9edda0ca5" kindref="member">BRANCA</ref>);</highlight></codeline>
<codeline lineno="169"><highlight class="normal"><sp/><sp/><sp/><sp/><sp/><sp/><sp/><sp/><sp/><sp/><sp/><sp/><ref refid="_dados_8c_1a0cecf912ae5bddea7a59d684c7cfe1ba" kindref="member">guarda_ultima_jog</ref>(e,y,x);</highlight></codeline>
<codeline lineno="170"><highlight class="normal"><sp/><sp/><sp/><sp/><sp/><sp/><sp/><sp/><sp/><sp/><sp/><sp/><ref refid="_dados_8c_1a616a1f3045d63dda6820e06ab87b42ce" kindref="member">guarda_num_jogs</ref>(e,i);</highlight></codeline>
<codeline lineno="171"><highlight class="normal"><sp/><sp/><sp/><sp/><sp/><sp/><sp/><sp/>}</highlight></codeline>
<codeline lineno="172"><highlight class="normal"><sp/><sp/><sp/><sp/><sp/><sp/><sp/><sp/></highlight><highlight class="keywordflow">else</highlight><highlight class="normal">{</highlight></codeline>
<codeline lineno="173"><highlight class="normal"><sp/><sp/><sp/><sp/><sp/><sp/><sp/><sp/><sp/><sp/><sp/><sp/>y<sp/>=<sp/><ref refid="_dados_8c_1aa5d95d7b98978570b798964a3de01d24" kindref="member">obter_linha</ref>(e,2,in-1);</highlight></codeline>
<codeline lineno="174"><highlight class="normal"><sp/><sp/><sp/><sp/><sp/><sp/><sp/><sp/><sp/><sp/><sp/><sp/>x<sp/>=<sp/><ref refid="_dados_8c_1a193d8b430c7cdf263d03e2d557e0ebeb" kindref="member">obter_coluna</ref>(e,2,in-1);</highlight></codeline>
<codeline lineno="175"><highlight class="normal"><sp/><sp/><sp/><sp/><sp/><sp/><sp/><sp/><sp/><sp/><sp/><sp/><ref refid="_dados_8c_1a4bf4d4f1ccce3b17ef05423cd366b9e0" kindref="member">alteracasa</ref>(e,x,y,<ref refid="_dados_8h_1aba91601f16d4c485b2d9b8c429f27039ad24485fddec75419fd4a0cc9edda0ca5" kindref="member">BRANCA</ref>);</highlight></codeline>
<codeline lineno="176"><highlight class="normal"><sp/><sp/><sp/><sp/><sp/><sp/><sp/><sp/><sp/><sp/><sp/><sp/><ref refid="_dados_8c_1a0cecf912ae5bddea7a59d684c7cfe1ba" kindref="member">guarda_ultima_jog</ref>(e,y,x);</highlight></codeline>
<codeline lineno="177"><highlight class="normal"><sp/><sp/><sp/><sp/><sp/><sp/><sp/><sp/><sp/><sp/><sp/><sp/><ref refid="_dados_8c_1a616a1f3045d63dda6820e06ab87b42ce" kindref="member">guarda_num_jogs</ref>(e,i);</highlight></codeline>
<codeline lineno="178"><highlight class="normal"><sp/><sp/><sp/><sp/><sp/><sp/><sp/><sp/>}</highlight></codeline>
<codeline lineno="179"><highlight class="normal"><sp/><sp/><sp/><sp/>}</highlight></codeline>
<codeline lineno="180"><highlight class="normal">}</highlight></codeline>
<codeline lineno="181"><highlight class="normal"></highlight></codeline>
<codeline lineno="182"><highlight class="normal"><ref refid="structnodo" kindref="compound">LISTA</ref><sp/><ref refid="_logica_8c_1a4ed31b0ec6bb43c061b5decef4e2bf9e" kindref="member">casas_disp</ref>(<ref refid="struct_e_s_t_a_d_o" kindref="compound">ESTADO</ref><sp/>*e,<ref refid="struct_c_o_o_r_d_e_n_a_d_a" kindref="compound">COORDENADA</ref><sp/>c)<sp/>{</highlight></codeline>
<codeline lineno="183"><highlight class="normal"><sp/><sp/><sp/><sp/><ref refid="structnodo" kindref="compound">LISTA</ref><sp/>l<sp/>=<sp/><ref refid="_listas_8c_1ae3b99323b6f8f35d80bb69ff1a27985e" kindref="member">criar_lista</ref>();</highlight></codeline>
<codeline lineno="184"><highlight class="normal"><sp/><sp/><sp/><sp/><ref refid="struct_c_o_o_r_d_e_n_a_d_a" kindref="compound">COORDENADA</ref><sp/>*c1<sp/>=<sp/>malloc(</highlight><highlight class="keyword">sizeof</highlight><highlight class="normal">(<ref refid="structnodo" kindref="compound">NODO</ref>));</highlight></codeline>
<codeline lineno="185"><highlight class="normal"><sp/><sp/><sp/><sp/><ref refid="struct_c_o_o_r_d_e_n_a_d_a" kindref="compound">COORDENADA</ref><sp/>*c2<sp/>=<sp/>malloc(</highlight><highlight class="keyword">sizeof</highlight><highlight class="normal">(<ref refid="structnodo" kindref="compound">NODO</ref>));</highlight></codeline>
<codeline lineno="186"><highlight class="normal"><sp/><sp/><sp/><sp/><ref refid="struct_c_o_o_r_d_e_n_a_d_a" kindref="compound">COORDENADA</ref><sp/>*c3<sp/>=<sp/>malloc(</highlight><highlight class="keyword">sizeof</highlight><highlight class="normal">(<ref refid="structnodo" kindref="compound">NODO</ref>));</highlight></codeline>
<codeline lineno="187"><highlight class="normal"><sp/><sp/><sp/><sp/><ref refid="struct_c_o_o_r_d_e_n_a_d_a" kindref="compound">COORDENADA</ref><sp/>*c4<sp/>=<sp/>malloc(</highlight><highlight class="keyword">sizeof</highlight><highlight class="normal">(<ref refid="structnodo" kindref="compound">NODO</ref>));</highlight></codeline>
<codeline lineno="188"><highlight class="normal"><sp/><sp/><sp/><sp/><ref refid="struct_c_o_o_r_d_e_n_a_d_a" kindref="compound">COORDENADA</ref><sp/>*c5<sp/>=<sp/>malloc(</highlight><highlight class="keyword">sizeof</highlight><highlight class="normal">(<ref refid="structnodo" kindref="compound">NODO</ref>));</highlight></codeline>
<codeline lineno="189"><highlight class="normal"><sp/><sp/><sp/><sp/><ref refid="struct_c_o_o_r_d_e_n_a_d_a" kindref="compound">COORDENADA</ref><sp/>*c6<sp/>=<sp/>malloc(</highlight><highlight class="keyword">sizeof</highlight><highlight class="normal">(<ref refid="structnodo" kindref="compound">NODO</ref>));</highlight></codeline>
<codeline lineno="190"><highlight class="normal"><sp/><sp/><sp/><sp/><ref refid="struct_c_o_o_r_d_e_n_a_d_a" kindref="compound">COORDENADA</ref><sp/>*c7<sp/>=<sp/>malloc(</highlight><highlight class="keyword">sizeof</highlight><highlight class="normal">(<ref refid="structnodo" kindref="compound">NODO</ref>));</highlight></codeline>
<codeline lineno="191"><highlight class="normal"><sp/><sp/><sp/><sp/><ref refid="struct_c_o_o_r_d_e_n_a_d_a" kindref="compound">COORDENADA</ref><sp/>*c8<sp/>=<sp/>malloc(</highlight><highlight class="keyword">sizeof</highlight><highlight class="normal">(<ref refid="structnodo" kindref="compound">NODO</ref>));</highlight></codeline>
<codeline lineno="192"><highlight class="normal"><sp/><sp/><sp/><sp/>c1-&gt;<ref refid="struct_c_o_o_r_d_e_n_a_d_a_1a4a2f44649af1dfbf8d13141d5a336455" kindref="member">coluna</ref><sp/>=<sp/>c.<ref refid="struct_c_o_o_r_d_e_n_a_d_a_1a4a2f44649af1dfbf8d13141d5a336455" kindref="member">coluna</ref><sp/>+<sp/>1;<sp/>c1-&gt;<ref refid="struct_c_o_o_r_d_e_n_a_d_a_1af20d02e678ba0aeaf8727d747151baf0" kindref="member">linha</ref><sp/>=<sp/>c.<ref refid="struct_c_o_o_r_d_e_n_a_d_a_1af20d02e678ba0aeaf8727d747151baf0" kindref="member">linha</ref><sp/>+<sp/>1;</highlight></codeline>
<codeline lineno="193"><highlight class="normal"><sp/><sp/><sp/><sp/>c2-&gt;<ref refid="struct_c_o_o_r_d_e_n_a_d_a_1a4a2f44649af1dfbf8d13141d5a336455" kindref="member">coluna</ref><sp/>=<sp/>c.<ref refid="struct_c_o_o_r_d_e_n_a_d_a_1a4a2f44649af1dfbf8d13141d5a336455" kindref="member">coluna</ref><sp/>+<sp/>1;<sp/>c2-&gt;<ref refid="struct_c_o_o_r_d_e_n_a_d_a_1af20d02e678ba0aeaf8727d747151baf0" kindref="member">linha</ref><sp/>=<sp/>c.<ref refid="struct_c_o_o_r_d_e_n_a_d_a_1af20d02e678ba0aeaf8727d747151baf0" kindref="member">linha</ref>;</highlight></codeline>
<codeline lineno="194"><highlight class="normal"><sp/><sp/><sp/><sp/>c3-&gt;<ref refid="struct_c_o_o_r_d_e_n_a_d_a_1a4a2f44649af1dfbf8d13141d5a336455" kindref="member">coluna</ref><sp/>=<sp/>c.<ref refid="struct_c_o_o_r_d_e_n_a_d_a_1a4a2f44649af1dfbf8d13141d5a336455" kindref="member">coluna</ref><sp/>+<sp/>1;<sp/>c3-&gt;<ref refid="struct_c_o_o_r_d_e_n_a_d_a_1af20d02e678ba0aeaf8727d747151baf0" kindref="member">linha</ref><sp/>=<sp/>c.<ref refid="struct_c_o_o_r_d_e_n_a_d_a_1af20d02e678ba0aeaf8727d747151baf0" kindref="member">linha</ref><sp/>-<sp/>1;</highlight></codeline>
<codeline lineno="195"><highlight class="normal"><sp/><sp/><sp/><sp/>c4-&gt;<ref refid="struct_c_o_o_r_d_e_n_a_d_a_1a4a2f44649af1dfbf8d13141d5a336455" kindref="member">coluna</ref><sp/>=<sp/>c.<ref refid="struct_c_o_o_r_d_e_n_a_d_a_1a4a2f44649af1dfbf8d13141d5a336455" kindref="member">coluna</ref>;<sp/>c4-&gt;<ref refid="struct_c_o_o_r_d_e_n_a_d_a_1af20d02e678ba0aeaf8727d747151baf0" kindref="member">linha</ref><sp/>=<sp/>c.<ref refid="struct_c_o_o_r_d_e_n_a_d_a_1af20d02e678ba0aeaf8727d747151baf0" kindref="member">linha</ref><sp/>+<sp/>1;</highlight></codeline>
<codeline lineno="196"><highlight class="normal"><sp/><sp/><sp/><sp/>c5-&gt;<ref refid="struct_c_o_o_r_d_e_n_a_d_a_1a4a2f44649af1dfbf8d13141d5a336455" kindref="member">coluna</ref><sp/>=<sp/>c.<ref refid="struct_c_o_o_r_d_e_n_a_d_a_1a4a2f44649af1dfbf8d13141d5a336455" kindref="member">coluna</ref>;<sp/>c5-&gt;<ref refid="struct_c_o_o_r_d_e_n_a_d_a_1af20d02e678ba0aeaf8727d747151baf0" kindref="member">linha</ref><sp/>=<sp/>c.<ref refid="struct_c_o_o_r_d_e_n_a_d_a_1af20d02e678ba0aeaf8727d747151baf0" kindref="member">linha</ref><sp/>-<sp/>1;</highlight></codeline>
<codeline lineno="197"><highlight class="normal"><sp/><sp/><sp/><sp/>c6-&gt;<ref refid="struct_c_o_o_r_d_e_n_a_d_a_1a4a2f44649af1dfbf8d13141d5a336455" kindref="member">coluna</ref><sp/>=<sp/>c.<ref refid="struct_c_o_o_r_d_e_n_a_d_a_1a4a2f44649af1dfbf8d13141d5a336455" kindref="member">coluna</ref><sp/>-<sp/>1;<sp/>c6-&gt;<ref refid="struct_c_o_o_r_d_e_n_a_d_a_1af20d02e678ba0aeaf8727d747151baf0" kindref="member">linha</ref><sp/>=<sp/>c.<ref refid="struct_c_o_o_r_d_e_n_a_d_a_1af20d02e678ba0aeaf8727d747151baf0" kindref="member">linha</ref><sp/>+<sp/>1;</highlight></codeline>
<codeline lineno="198"><highlight class="normal"><sp/><sp/><sp/><sp/>c7-&gt;<ref refid="struct_c_o_o_r_d_e_n_a_d_a_1a4a2f44649af1dfbf8d13141d5a336455" kindref="member">coluna</ref><sp/>=<sp/>c.<ref refid="struct_c_o_o_r_d_e_n_a_d_a_1a4a2f44649af1dfbf8d13141d5a336455" kindref="member">coluna</ref><sp/>-<sp/>1;<sp/>c7-&gt;<ref refid="struct_c_o_o_r_d_e_n_a_d_a_1af20d02e678ba0aeaf8727d747151baf0" kindref="member">linha</ref><sp/>=<sp/>c.<ref refid="struct_c_o_o_r_d_e_n_a_d_a_1af20d02e678ba0aeaf8727d747151baf0" kindref="member">linha</ref>;</highlight></codeline>
<codeline lineno="199"><highlight class="normal"><sp/><sp/><sp/><sp/>c8-&gt;<ref refid="struct_c_o_o_r_d_e_n_a_d_a_1a4a2f44649af1dfbf8d13141d5a336455" kindref="member">coluna</ref><sp/>=<sp/>c.<ref refid="struct_c_o_o_r_d_e_n_a_d_a_1a4a2f44649af1dfbf8d13141d5a336455" kindref="member">coluna</ref><sp/>-<sp/>1;<sp/>c8-&gt;<ref refid="struct_c_o_o_r_d_e_n_a_d_a_1af20d02e678ba0aeaf8727d747151baf0" kindref="member">linha</ref><sp/>=<sp/>c.<ref refid="struct_c_o_o_r_d_e_n_a_d_a_1af20d02e678ba0aeaf8727d747151baf0" kindref="member">linha</ref><sp/>-<sp/>1;</highlight></codeline>
<codeline lineno="200"><highlight class="normal"><sp/><sp/><sp/><sp/></highlight><highlight class="keywordflow">if</highlight><highlight class="normal"><sp/>(<ref refid="_logica_8c_1aa8a94d8d4817ff867bd6ba658c9fc9ba" kindref="member">e_peca</ref>(*c1)&amp;&amp;(<ref refid="_logica_8c_1a64ca232dda323890b0b9df79370b79ed" kindref="member">e_vazio</ref>(*c1,e)))<sp/>l<sp/>=<sp/><ref refid="_listas_8c_1a37ba5fc3cfddb6bc94d4b54b00bc696e" kindref="member">insere_cabeca</ref>(l,<sp/>c1);</highlight></codeline>
<codeline lineno="201"><highlight class="normal"><sp/><sp/><sp/><sp/></highlight><highlight class="keywordflow">if</highlight><highlight class="normal"><sp/>(<ref refid="_logica_8c_1aa8a94d8d4817ff867bd6ba658c9fc9ba" kindref="member">e_peca</ref>(*c2)&amp;&amp;(<ref refid="_logica_8c_1a64ca232dda323890b0b9df79370b79ed" kindref="member">e_vazio</ref>(*c2,e)))<sp/>l<sp/>=<sp/><ref refid="_listas_8c_1a37ba5fc3cfddb6bc94d4b54b00bc696e" kindref="member">insere_cabeca</ref>(l,<sp/>c2);</highlight></codeline>
<codeline lineno="202"><highlight class="normal"><sp/><sp/><sp/><sp/></highlight><highlight class="keywordflow">if</highlight><highlight class="normal"><sp/>(<ref refid="_logica_8c_1aa8a94d8d4817ff867bd6ba658c9fc9ba" kindref="member">e_peca</ref>(*c3)&amp;&amp;(<ref refid="_logica_8c_1a64ca232dda323890b0b9df79370b79ed" kindref="member">e_vazio</ref>(*c3,e)))<sp/>l<sp/>=<sp/><ref refid="_listas_8c_1a37ba5fc3cfddb6bc94d4b54b00bc696e" kindref="member">insere_cabeca</ref>(l,<sp/>c3);</highlight></codeline>
<codeline lineno="203"><highlight class="normal"><sp/><sp/><sp/><sp/></highlight><highlight class="keywordflow">if</highlight><highlight class="normal"><sp/>(<ref refid="_logica_8c_1aa8a94d8d4817ff867bd6ba658c9fc9ba" kindref="member">e_peca</ref>(*c4)&amp;&amp;(<ref refid="_logica_8c_1a64ca232dda323890b0b9df79370b79ed" kindref="member">e_vazio</ref>(*c4,e)))<sp/>l<sp/>=<sp/><ref refid="_listas_8c_1a37ba5fc3cfddb6bc94d4b54b00bc696e" kindref="member">insere_cabeca</ref>(l,<sp/>c4);</highlight></codeline>
<codeline lineno="204"><highlight class="normal"><sp/><sp/><sp/><sp/></highlight><highlight class="keywordflow">if</highlight><highlight class="normal"><sp/>(<ref refid="_logica_8c_1aa8a94d8d4817ff867bd6ba658c9fc9ba" kindref="member">e_peca</ref>(*c5)&amp;&amp;(<ref refid="_logica_8c_1a64ca232dda323890b0b9df79370b79ed" kindref="member">e_vazio</ref>(*c5,e)))<sp/>l<sp/>=<sp/><ref refid="_listas_8c_1a37ba5fc3cfddb6bc94d4b54b00bc696e" kindref="member">insere_cabeca</ref>(l,<sp/>c5);</highlight></codeline>
<codeline lineno="205"><highlight class="normal"><sp/><sp/><sp/><sp/></highlight><highlight class="keywordflow">if</highlight><highlight class="normal"><sp/>(<ref refid="_logica_8c_1aa8a94d8d4817ff867bd6ba658c9fc9ba" kindref="member">e_peca</ref>(*c6)&amp;&amp;(<ref refid="_logica_8c_1a64ca232dda323890b0b9df79370b79ed" kindref="member">e_vazio</ref>(*c6,e)))<sp/>l<sp/>=<sp/><ref refid="_listas_8c_1a37ba5fc3cfddb6bc94d4b54b00bc696e" kindref="member">insere_cabeca</ref>(l,<sp/>c6);</highlight></codeline>
<codeline lineno="206"><highlight class="normal"><sp/><sp/><sp/><sp/></highlight><highlight class="keywordflow">if</highlight><highlight class="normal"><sp/>(<ref refid="_logica_8c_1aa8a94d8d4817ff867bd6ba658c9fc9ba" kindref="member">e_peca</ref>(*c7)&amp;&amp;(<ref refid="_logica_8c_1a64ca232dda323890b0b9df79370b79ed" kindref="member">e_vazio</ref>(*c7,e)))<sp/>l<sp/>=<sp/><ref refid="_listas_8c_1a37ba5fc3cfddb6bc94d4b54b00bc696e" kindref="member">insere_cabeca</ref>(l,<sp/>c7);</highlight></codeline>
<codeline lineno="207"><highlight class="normal"><sp/><sp/><sp/><sp/></highlight><highlight class="keywordflow">if</highlight><highlight class="normal"><sp/>(<ref refid="_logica_8c_1aa8a94d8d4817ff867bd6ba658c9fc9ba" kindref="member">e_peca</ref>(*c8)&amp;&amp;(<ref refid="_logica_8c_1a64ca232dda323890b0b9df79370b79ed" kindref="member">e_vazio</ref>(*c8,e)))<sp/>l<sp/>=<sp/><ref refid="_listas_8c_1a37ba5fc3cfddb6bc94d4b54b00bc696e" kindref="member">insere_cabeca</ref>(l,<sp/>c8);</highlight></codeline>
<codeline lineno="208"><highlight class="normal"><sp/><sp/><sp/><sp/></highlight><highlight class="keywordflow">return</highlight><highlight class="normal"><sp/>l;</highlight></codeline>
<codeline lineno="209"><highlight class="normal">}</highlight></codeline>
<codeline lineno="210"><highlight class="normal"></highlight></codeline>
<codeline lineno="211"><highlight class="normal"><ref refid="struct_c_o_o_r_d_e_n_a_d_a" kindref="compound">COORDENADA</ref><sp/><ref refid="_logica_8c_1a60a8eb9cbfb8d50716674ce3be1bc397" kindref="member">rand_coord</ref>(<ref refid="structnodo" kindref="compound">LISTA</ref><sp/>l){</highlight></codeline>
<codeline lineno="212"><highlight class="normal"><sp/><sp/><sp/><sp/>srand((</highlight><highlight class="keywordtype">unsigned</highlight><highlight class="normal"><sp/></highlight><highlight class="keywordtype">int</highlight><highlight class="normal">)time(0));</highlight></codeline>
<codeline lineno="213"><highlight class="normal"><sp/><sp/><sp/><sp/></highlight><highlight class="keywordtype">int</highlight><highlight class="normal"><sp/>n;</highlight></codeline>
<codeline lineno="214"><highlight class="normal"><sp/><sp/><sp/><sp/>n<sp/>=<sp/>(rand()<sp/>%7);</highlight></codeline>
<codeline lineno="215"><highlight class="normal"><sp/><sp/><sp/><sp/></highlight><highlight class="keywordflow">while</highlight><highlight class="normal"><sp/>((<ref refid="_listas_8c_1ad9380152361127432c55c1c6067e05ae" kindref="member">proximo</ref>(l))<sp/>&amp;&amp;<sp/>(n<sp/>&gt;<sp/>0)){</highlight></codeline>
<codeline lineno="216"><highlight class="normal"><sp/><sp/><sp/><sp/><sp/><sp/><sp/><sp/>l<sp/>=<sp/><ref refid="_listas_8c_1a9026a681a68322b5ec7f07137b864cbd" kindref="member">remove_cabeca</ref>(l);</highlight></codeline>
<codeline lineno="217"><highlight class="normal"><sp/><sp/><sp/><sp/><sp/><sp/><sp/><sp/>n--;</highlight></codeline>
<codeline lineno="218"><highlight class="normal"><sp/><sp/><sp/><sp/>}</highlight></codeline>
<codeline lineno="219"><highlight class="normal"><sp/><sp/><sp/><sp/><ref refid="struct_c_o_o_r_d_e_n_a_d_a" kindref="compound">COORDENADA</ref><sp/>c<sp/>=<sp/>*(<ref refid="struct_c_o_o_r_d_e_n_a_d_a" kindref="compound">COORDENADA</ref><sp/>*)<sp/><ref refid="_listas_8c_1abfcb205f3eb670157be0d1221021714b" kindref="member">devolve_cabeca</ref>(l);</highlight></codeline>
<codeline lineno="220"><highlight class="normal"><sp/><sp/><sp/><sp/></highlight><highlight class="keywordflow">while</highlight><highlight class="normal"><sp/>(!<ref refid="_listas_8c_1a4c10928f7acaa4e3de3760cea0dfd9c0" kindref="member">lista_esta_vazia</ref>(l))</highlight></codeline>
<codeline lineno="221"><highlight class="normal"><sp/><sp/><sp/><sp/><sp/><sp/><sp/><sp/>l<sp/>=<sp/><ref refid="_listas_8c_1a9026a681a68322b5ec7f07137b864cbd" kindref="member">remove_cabeca</ref>(l);</highlight></codeline>
<codeline lineno="222"><highlight class="normal"><sp/><sp/><sp/><sp/></highlight><highlight class="keywordflow">return</highlight><highlight class="normal"><sp/>c;</highlight></codeline>
<codeline lineno="223"><highlight class="normal">}</highlight></codeline>
<codeline lineno="224"><highlight class="normal"></highlight></codeline>
<codeline lineno="225"><highlight class="normal"></highlight><highlight class="keywordtype">int</highlight><highlight class="normal"><sp/><ref refid="_logica_8c_1a39a83bbb6b186655ccf97b767db14278" kindref="member">jogs</ref>(<ref refid="struct_e_s_t_a_d_o" kindref="compound">ESTADO</ref><sp/>*e){</highlight></codeline>
<codeline lineno="226"><highlight class="normal"><sp/><sp/><sp/><sp/><ref refid="_logica_8c_1ac313d7e553b1e2b5f266acb9bfff8141" kindref="member">jogar</ref>(e,<ref refid="_logica_8c_1a60a8eb9cbfb8d50716674ce3be1bc397" kindref="member">rand_coord</ref>(<ref refid="_logica_8c_1a4ed31b0ec6bb43c061b5decef4e2bf9e" kindref="member">casas_disp</ref>(e,<ref refid="_dados_8c_1a85df295fb7724429b9e97b13b5e70878" kindref="member">obter_coord_ult</ref>(e))));</highlight></codeline>
<codeline lineno="227"><highlight class="normal"><sp/><sp/><sp/><sp/></highlight><highlight class="keywordflow">return</highlight><highlight class="normal"><sp/>0;</highlight></codeline>
<codeline lineno="228"><highlight class="normal">}</highlight></codeline>
<codeline lineno="229"><highlight class="normal"></highlight></codeline>
<codeline lineno="230"><highlight class="normal"></highlight><highlight class="keywordtype">double</highlight><highlight class="normal"><sp/><ref refid="_logica_8c_1a2b49bc3be4951d6204937cc3a5b4e9c2" kindref="member">distancia</ref>(<ref refid="struct_c_o_o_r_d_e_n_a_d_a" kindref="compound">COORDENADA</ref><sp/>c1,<sp/><ref refid="struct_c_o_o_r_d_e_n_a_d_a" kindref="compound">COORDENADA</ref><sp/>c2){</highlight></codeline>
<codeline lineno="231"><highlight class="normal"><sp/><sp/><sp/><sp/></highlight><highlight class="keywordtype">double</highlight><highlight class="normal"><sp/>r<sp/>=<sp/>0;</highlight></codeline>
<codeline lineno="232"><highlight class="normal"><sp/><sp/><sp/><sp/></highlight><highlight class="keywordtype">int</highlight><highlight class="normal"><sp/>x1<sp/>=<sp/>c1.<ref refid="struct_c_o_o_r_d_e_n_a_d_a_1a4a2f44649af1dfbf8d13141d5a336455" kindref="member">coluna</ref>;</highlight></codeline>
<codeline lineno="233"><highlight class="normal"><sp/><sp/><sp/><sp/></highlight><highlight class="keywordtype">int</highlight><highlight class="normal"><sp/>x2<sp/>=<sp/>c2.<ref refid="struct_c_o_o_r_d_e_n_a_d_a_1a4a2f44649af1dfbf8d13141d5a336455" kindref="member">coluna</ref><sp/>;</highlight></codeline>
<codeline lineno="234"><highlight class="normal"><sp/><sp/><sp/><sp/></highlight><highlight class="keywordtype">int</highlight><highlight class="normal"><sp/>y1<sp/>=<sp/>c1.<ref refid="struct_c_o_o_r_d_e_n_a_d_a_1af20d02e678ba0aeaf8727d747151baf0" kindref="member">linha</ref>;</highlight></codeline>
<codeline lineno="235"><highlight class="normal"><sp/><sp/><sp/><sp/></highlight><highlight class="keywordtype">int</highlight><highlight class="normal"><sp/>y2<sp/>=<sp/>c1.<ref refid="struct_c_o_o_r_d_e_n_a_d_a_1af20d02e678ba0aeaf8727d747151baf0" kindref="member">linha</ref>;</highlight></codeline>
<codeline lineno="236"><highlight class="normal"><sp/><sp/><sp/><sp/>r<sp/>=<sp/>fabs(pow((</highlight><highlight class="keywordtype">double</highlight><highlight class="normal">)(x1<sp/>-<sp/>x2),2)+pow((</highlight><highlight class="keywordtype">double</highlight><highlight class="normal">)(y1<sp/>-<sp/>y2),2));</highlight></codeline>
<codeline lineno="237"><highlight class="normal"><sp/><sp/><sp/><sp/></highlight><highlight class="keywordflow">return</highlight><highlight class="normal"><sp/>r;</highlight></codeline>
<codeline lineno="238"><highlight class="normal">}</highlight></codeline>
<codeline lineno="239"><highlight class="normal"></highlight></codeline>
<codeline lineno="240"><highlight class="normal"><ref refid="struct_c_o_o_r_d_e_n_a_d_a" kindref="compound">COORDENADA</ref><sp/><ref refid="_logica_8c_1a8e0d5c76435c7186eb9081daf60e118f" kindref="member">euclidiana</ref>(<ref refid="structnodo" kindref="compound">LISTA</ref><sp/>l,<sp/></highlight><highlight class="keywordtype">int</highlight><highlight class="normal"><sp/>player){</highlight></codeline>
<codeline lineno="241"><highlight class="normal"><sp/><sp/><sp/><sp/><ref refid="struct_c_o_o_r_d_e_n_a_d_a" kindref="compound">COORDENADA</ref><sp/>c;</highlight></codeline>
<codeline lineno="242"><highlight class="normal"><sp/><sp/><sp/><sp/><ref refid="struct_c_o_o_r_d_e_n_a_d_a" kindref="compound">COORDENADA</ref><sp/>casa1;</highlight></codeline>
<codeline lineno="243"><highlight class="normal"><sp/><sp/><sp/><sp/><ref refid="struct_c_o_o_r_d_e_n_a_d_a" kindref="compound">COORDENADA</ref><sp/>cabeca;</highlight></codeline>
<codeline lineno="244"><highlight class="normal"><sp/><sp/><sp/><sp/>casa1.<ref refid="struct_c_o_o_r_d_e_n_a_d_a_1a4a2f44649af1dfbf8d13141d5a336455" kindref="member">coluna</ref><sp/>=<sp/>0;</highlight></codeline>
<codeline lineno="245"><highlight class="normal"><sp/><sp/><sp/><sp/>casa1.<ref refid="struct_c_o_o_r_d_e_n_a_d_a_1af20d02e678ba0aeaf8727d747151baf0" kindref="member">linha</ref><sp/>=<sp/>0;</highlight></codeline>
<codeline lineno="246"><highlight class="normal"><sp/><sp/><sp/><sp/>c<sp/>=<sp/>*(<ref refid="struct_c_o_o_r_d_e_n_a_d_a" kindref="compound">COORDENADA</ref><sp/>*)<ref refid="_listas_8c_1abfcb205f3eb670157be0d1221021714b" kindref="member">devolve_cabeca</ref>(l);</highlight></codeline>
<codeline lineno="247"><highlight class="normal"><sp/><sp/><sp/><sp/></highlight><highlight class="keywordflow">while</highlight><highlight class="normal"><sp/>(!<ref refid="_listas_8c_1a4c10928f7acaa4e3de3760cea0dfd9c0" kindref="member">lista_esta_vazia</ref>(l)<sp/>&amp;&amp;<sp/>!<ref refid="_listas_8c_1a4c10928f7acaa4e3de3760cea0dfd9c0" kindref="member">lista_esta_vazia</ref>(<ref refid="_listas_8c_1ad9380152361127432c55c1c6067e05ae" kindref="member">proximo</ref>(l))){</highlight></codeline>
<codeline lineno="248"><highlight class="normal"><sp/><sp/><sp/><sp/><sp/><sp/><sp/><sp/>cabeca<sp/>=<sp/>*(<ref refid="struct_c_o_o_r_d_e_n_a_d_a" kindref="compound">COORDENADA</ref><sp/>*)(<ref refid="_listas_8c_1abfcb205f3eb670157be0d1221021714b" kindref="member">devolve_cabeca</ref>(l));</highlight></codeline>
<codeline lineno="249"><highlight class="normal"><sp/><sp/><sp/><sp/><sp/><sp/><sp/><sp/></highlight><highlight class="keywordflow">if</highlight><highlight class="normal">(player<sp/>==<sp/>1){</highlight></codeline>
<codeline lineno="250"><highlight class="normal"><sp/><sp/><sp/><sp/><sp/><sp/><sp/><sp/><sp/><sp/><sp/><sp/></highlight><highlight class="keywordflow">if</highlight><highlight class="normal">(<ref refid="_logica_8c_1a2b49bc3be4951d6204937cc3a5b4e9c2" kindref="member">distancia</ref>(cabeca,casa1)<sp/>&lt;<sp/><ref refid="_logica_8c_1a2b49bc3be4951d6204937cc3a5b4e9c2" kindref="member">distancia</ref>(c,casa1))<sp/>c<sp/>=<sp/>cabeca;}</highlight></codeline>
<codeline lineno="251"><highlight class="normal"><sp/><sp/><sp/><sp/><sp/><sp/><sp/><sp/></highlight><highlight class="keywordflow">else</highlight><highlight class="normal"></highlight></codeline>
<codeline lineno="252"><highlight class="normal"><sp/><sp/><sp/><sp/><sp/><sp/><sp/><sp/></highlight><highlight class="keywordflow">if</highlight><highlight class="normal">(<ref refid="_logica_8c_1a2b49bc3be4951d6204937cc3a5b4e9c2" kindref="member">distancia</ref>(cabeca,casa1)<sp/>&gt;=<sp/><ref refid="_logica_8c_1a2b49bc3be4951d6204937cc3a5b4e9c2" kindref="member">distancia</ref>(c,casa1))<sp/>c<sp/>=<sp/>cabeca;</highlight></codeline>
<codeline lineno="253"><highlight class="normal"><sp/><sp/><sp/><sp/><sp/><sp/><sp/><sp/>l<sp/>=<sp/><ref refid="_listas_8c_1a9026a681a68322b5ec7f07137b864cbd" kindref="member">remove_cabeca</ref>(l);</highlight></codeline>
<codeline lineno="254"><highlight class="normal"><sp/><sp/><sp/><sp/>}</highlight></codeline>
<codeline lineno="255"><highlight class="normal"><sp/><sp/><sp/><sp/></highlight><highlight class="keywordflow">return</highlight><highlight class="normal"><sp/>c;</highlight></codeline>
<codeline lineno="256"><highlight class="normal">}</highlight></codeline>
<codeline lineno="257"><highlight class="normal"></highlight></codeline>
<codeline lineno="258"><highlight class="normal"></highlight><highlight class="keywordtype">int</highlight><highlight class="normal"><sp/><ref refid="_logica_8c_1a9265b7919a412964be25c72de9b526ab" kindref="member">jogs2</ref>(<ref refid="struct_e_s_t_a_d_o" kindref="compound">ESTADO</ref><sp/>*e){</highlight></codeline>
<codeline lineno="259"><highlight class="normal"><sp/><sp/><sp/><sp/><ref refid="_logica_8c_1ac313d7e553b1e2b5f266acb9bfff8141" kindref="member">jogar</ref>(e,<ref refid="_logica_8c_1a8e0d5c76435c7186eb9081daf60e118f" kindref="member">euclidiana</ref>(<ref refid="_logica_8c_1a4ed31b0ec6bb43c061b5decef4e2bf9e" kindref="member">casas_disp</ref>(e,<ref refid="_dados_8c_1a85df295fb7724429b9e97b13b5e70878" kindref="member">obter_coord_ult</ref>(e)),<ref refid="_dados_8c_1ad6e326e4ffa57ca1ae0c75377ecefc8c" kindref="member">obter_jogador_atual</ref>(e)));</highlight></codeline>
<codeline lineno="260"><highlight class="normal"><sp/><sp/><sp/><sp/></highlight><highlight class="keywordflow">return</highlight><highlight class="normal"><sp/>0;</highlight></codeline>
<codeline lineno="261"><highlight class="normal">}</highlight></codeline>
    </programlisting>
    <location file="Trab de Li 2 ATUAL/Logica.c"/>
  </compounddef>
</doxygen>
