<?xml version='1.0' encoding='UTF-8' standalone='no'?>
<doxygen xmlns:xsi="http://www.w3.org/2001/XMLSchema-instance" xsi:noNamespaceSchemaLocation="compound.xsd" version="1.8.17">
  <compounddef id="_logica_8h" kind="file" language="C++">
    <compoundname>Logica.h</compoundname>
    <includes refid="_dados_8h" local="yes">Dados.h</includes>
    <includes refid="_interface_8h" local="yes">Interface.h</includes>
    <includes refid="_listas_8h" local="yes">Listas.h</includes>
    <includedby refid="_interface_8c" local="yes">Trab de Li 2 ATUAL/Interface.c</includedby>
    <includedby refid="_interface_8h" local="yes">Trab de Li 2 ATUAL/Interface.h</includedby>
    <incdepgraph>
      <node id="2">
        <label>Dados.h</label>
        <link refid="_dados_8h"/>
      </node>
      <node id="4">
        <label>Listas.h</label>
        <link refid="_listas_8h"/>
      </node>
      <node id="1">
        <label>Trab de Li 2 ATUAL/Logica.h</label>
        <link refid="_logica_8h"/>
        <childnode refid="2" relation="include">
        </childnode>
        <childnode refid="3" relation="include">
        </childnode>
        <childnode refid="4" relation="include">
        </childnode>
      </node>
      <node id="3">
        <label>Interface.h</label>
        <link refid="_interface_8h"/>
        <childnode refid="2" relation="include">
        </childnode>
        <childnode refid="1" relation="include">
        </childnode>
      </node>
    </incdepgraph>
    <invincdepgraph>
      <node id="4">
        <label>Trab de Li 2 ATUAL/Logica.c</label>
        <link refid="_logica_8c"/>
      </node>
      <node id="1">
        <label>Trab de Li 2 ATUAL/Logica.h</label>
        <link refid="_logica_8h"/>
        <childnode refid="2" relation="include">
        </childnode>
        <childnode refid="3" relation="include">
        </childnode>
      </node>
      <node id="5">
        <label>Trab de Li 2 ATUAL/main.c</label>
        <link refid="main_8c"/>
      </node>
      <node id="2">
        <label>Trab de Li 2 ATUAL/Interface.c</label>
        <link refid="_interface_8c"/>
      </node>
      <node id="3">
        <label>Trab de Li 2 ATUAL/Interface.h</label>
        <link refid="_interface_8h"/>
        <childnode refid="1" relation="include">
        </childnode>
        <childnode refid="4" relation="include">
        </childnode>
        <childnode refid="5" relation="include">
        </childnode>
      </node>
    </invincdepgraph>
      <sectiondef kind="func">
      <memberdef kind="function" id="_logica_8h_1a703fcaaa11665ec5eb0ff2a3dc60a420" prot="public" static="no" const="no" explicit="no" inline="no" virt="non-virtual">
        <type>int</type>
        <definition>int quem_ganha</definition>
        <argsstring>(ESTADO *estado)</argsstring>
        <name>quem_ganha</name>
        <param>
          <type><ref refid="struct_e_s_t_a_d_o" kindref="compound">ESTADO</ref> *</type>
          <declname>estado</declname>
        </param>
        <briefdescription>
<para>Essa função determina quem foi o vencedor do jogo. </para>
        </briefdescription>
        <detaileddescription>
<para><parameterlist kind="param"><parameteritem>
<parameternamelist>
<parametername>estado</parametername>
</parameternamelist>
<parameterdescription>
<para>O estado do jogo. </para>
</parameterdescription>
</parameteritem>
</parameterlist>
<simplesect kind="return"><para>O número do jogador que vence. </para>
</simplesect>
</para>
        </detaileddescription>
        <inbodydescription>
        </inbodydescription>
        <location file="Trab de Li 2 ATUAL/Logica.h" line="18" column="5" bodyfile="Trab de Li 2 ATUAL/Logica.c" bodystart="10" bodyend="15" declfile="Trab de Li 2 ATUAL/Logica.h" declline="18" declcolumn="5"/>
      </memberdef>
      <memberdef kind="function" id="_logica_8h_1a4eec13ff564158fa4077e44263639e95" prot="public" static="no" const="no" explicit="no" inline="no" virt="non-virtual">
        <type>int</type>
        <definition>int encurralado</definition>
        <argsstring>(ESTADO *estado)</argsstring>
        <name>encurralado</name>
        <param>
          <type><ref refid="struct_e_s_t_a_d_o" kindref="compound">ESTADO</ref> *</type>
          <declname>estado</declname>
        </param>
        <briefdescription>
<para>Essa função indica se um jogador está encurralado, ou seja, sem possibilidades de jogar. </para>
        </briefdescription>
        <detaileddescription>
<para><parameterlist kind="param"><parameteritem>
<parameternamelist>
<parametername>estado</parametername>
</parameternamelist>
<parameterdescription>
<para>O estado do Jogo. </para>
</parameterdescription>
</parameteritem>
</parameterlist>
<simplesect kind="return"><para>1 se o jogador estiver encurralado e 0 caso cntrário. </para>
</simplesect>
</para>
        </detaileddescription>
        <inbodydescription>
        </inbodydescription>
        <location file="Trab de Li 2 ATUAL/Logica.h" line="25" column="5" bodyfile="Trab de Li 2 ATUAL/Logica.c" bodystart="18" bodyend="27" declfile="Trab de Li 2 ATUAL/Logica.h" declline="25" declcolumn="5"/>
      </memberdef>
      <memberdef kind="function" id="_logica_8h_1aa0ac5baf8b7b832c7d55e5b2c55e0039" prot="public" static="no" const="no" explicit="no" inline="no" virt="non-virtual">
        <type>int</type>
        <definition>int e_vizinho</definition>
        <argsstring>(COORDENADA c1, COORDENADA c2)</argsstring>
        <name>e_vizinho</name>
        <param>
          <type><ref refid="struct_c_o_o_r_d_e_n_a_d_a" kindref="compound">COORDENADA</ref></type>
          <declname>c1</declname>
        </param>
        <param>
          <type><ref refid="struct_c_o_o_r_d_e_n_a_d_a" kindref="compound">COORDENADA</ref></type>
          <declname>c2</declname>
        </param>
        <briefdescription>
<para>Função que verifica se duas peças são vizinhas. </para>
        </briefdescription>
        <detaileddescription>
<para><parameterlist kind="param"><parameteritem>
<parameternamelist>
<parametername>c1</parametername>
</parameternamelist>
<parameterdescription>
<para>Primeira coordenanda </para>
</parameterdescription>
</parameteritem>
<parameteritem>
<parameternamelist>
<parametername>c2</parametername>
</parameternamelist>
<parameterdescription>
<para>Segunda coordenada </para>
</parameterdescription>
</parameteritem>
</parameterlist>
<simplesect kind="return"><para>se for vizinho = 1, se não for = 0. </para>
</simplesect>
</para>
        </detaileddescription>
        <inbodydescription>
        </inbodydescription>
        <location file="Trab de Li 2 ATUAL/Logica.h" line="33" column="5" bodyfile="Trab de Li 2 ATUAL/Logica.c" bodystart="29" bodyend="42" declfile="Trab de Li 2 ATUAL/Logica.h" declline="33" declcolumn="5"/>
      </memberdef>
      <memberdef kind="function" id="_logica_8h_1a64ca232dda323890b0b9df79370b79ed" prot="public" static="no" const="no" explicit="no" inline="no" virt="non-virtual">
        <type>int</type>
        <definition>int e_vazio</definition>
        <argsstring>(COORDENADA c3, ESTADO *state)</argsstring>
        <name>e_vazio</name>
        <param>
          <type><ref refid="struct_c_o_o_r_d_e_n_a_d_a" kindref="compound">COORDENADA</ref></type>
          <declname>c3</declname>
        </param>
        <param>
          <type><ref refid="struct_e_s_t_a_d_o" kindref="compound">ESTADO</ref> *</type>
          <declname>state</declname>
        </param>
        <briefdescription>
<para>Essa função verifica se a casa em que se pretende jogar está vazia ou não. </para>
        </briefdescription>
        <detaileddescription>
<para><parameterlist kind="param"><parameteritem>
<parameternamelist>
<parametername>c3</parametername>
</parameternamelist>
<parameterdescription>
<para>Coordenada a verificar </para>
</parameterdescription>
</parameteritem>
<parameteritem>
<parameternamelist>
<parametername>state</parametername>
</parameternamelist>
<parameterdescription>
<para>Estado atual do jogo </para>
</parameterdescription>
</parameteritem>
</parameterlist>
<simplesect kind="return"><para>se for vazio = 1, se não for = 0. </para>
</simplesect>
</para>
        </detaileddescription>
        <inbodydescription>
        </inbodydescription>
        <location file="Trab de Li 2 ATUAL/Logica.h" line="41" column="5" bodyfile="Trab de Li 2 ATUAL/Logica.c" bodystart="45" bodyend="54" declfile="Trab de Li 2 ATUAL/Logica.h" declline="41" declcolumn="5"/>
      </memberdef>
      <memberdef kind="function" id="_logica_8h_1aa8a94d8d4817ff867bd6ba658c9fc9ba" prot="public" static="no" const="no" explicit="no" inline="no" virt="non-virtual">
        <type>int</type>
        <definition>int e_peca</definition>
        <argsstring>(COORDENADA c)</argsstring>
        <name>e_peca</name>
        <param>
          <type><ref refid="struct_c_o_o_r_d_e_n_a_d_a" kindref="compound">COORDENADA</ref></type>
          <declname>c</declname>
        </param>
        <briefdescription>
<para>Função que verifica se a coordenada pertence ao tabuleiro. </para>
        </briefdescription>
        <detaileddescription>
<para><parameterlist kind="param"><parameteritem>
<parameternamelist>
<parametername>c</parametername>
</parameternamelist>
<parameterdescription>
<para>Coordenada a ser verificada </para>
</parameterdescription>
</parameteritem>
</parameterlist>
<simplesect kind="return"><para>Se for peça = 1, se não for = 0. </para>
</simplesect>
</para>
        </detaileddescription>
        <inbodydescription>
        </inbodydescription>
        <location file="Trab de Li 2 ATUAL/Logica.h" line="48" column="5" bodyfile="Trab de Li 2 ATUAL/Logica.c" bodystart="57" bodyend="62" declfile="Trab de Li 2 ATUAL/Logica.h" declline="48" declcolumn="5"/>
      </memberdef>
      <memberdef kind="function" id="_logica_8h_1a907bfeffe2704d04fad9c185bac094b3" prot="public" static="no" const="no" explicit="no" inline="no" virt="non-virtual">
        <type><ref refid="_dados_8h_1aba91601f16d4c485b2d9b8c429f27039" kindref="member">CASA</ref></type>
        <definition>CASA qualcasa</definition>
        <argsstring>(char c)</argsstring>
        <name>qualcasa</name>
        <param>
          <type>char</type>
          <declname>c</declname>
        </param>
        <briefdescription>
<para>Função que devolve a casa associada com o caracter. </para>
        </briefdescription>
        <detaileddescription>
<para><parameterlist kind="param"><parameteritem>
<parameternamelist>
<parametername>c</parametername>
</parameternamelist>
<parameterdescription>
<para>caracter a ser testado </para>
</parameterdescription>
</parameteritem>
</parameterlist>
<simplesect kind="return"><para>casa associada ao caracter </para>
</simplesect>
</para>
        </detaileddescription>
        <inbodydescription>
        </inbodydescription>
        <location file="Trab de Li 2 ATUAL/Logica.h" line="55" column="6" bodyfile="Trab de Li 2 ATUAL/Logica.c" bodystart="64" bodyend="75" declfile="Trab de Li 2 ATUAL/Logica.h" declline="55" declcolumn="6"/>
      </memberdef>
      <memberdef kind="function" id="_logica_8h_1a819b689cf358a197b747e52b27ad30f2" prot="public" static="no" const="no" explicit="no" inline="no" virt="non-virtual">
        <type>int</type>
        <definition>int vencer</definition>
        <argsstring>(ESTADO *estado)</argsstring>
        <name>vencer</name>
        <param>
          <type><ref refid="struct_e_s_t_a_d_o" kindref="compound">ESTADO</ref> *</type>
          <declname>estado</declname>
        </param>
        <briefdescription>
<para>Essa função determina se um jogador venceu. </para>
        </briefdescription>
        <detaileddescription>
<para><parameterlist kind="param"><parameteritem>
<parameternamelist>
<parametername>estado</parametername>
</parameternamelist>
<parameterdescription>
<para>O estado do jogo. </para>
</parameterdescription>
</parameteritem>
</parameterlist>
<simplesect kind="return"><para>0 se alguém vencer e 1 se não houver vencedor. </para>
</simplesect>
</para>
        </detaileddescription>
        <inbodydescription>
        </inbodydescription>
        <location file="Trab de Li 2 ATUAL/Logica.h" line="62" column="5" bodyfile="Trab de Li 2 ATUAL/Logica.c" bodystart="77" bodyend="82" declfile="Trab de Li 2 ATUAL/Logica.h" declline="62" declcolumn="5"/>
      </memberdef>
      <memberdef kind="function" id="_logica_8h_1ac313d7e553b1e2b5f266acb9bfff8141" prot="public" static="no" const="no" explicit="no" inline="no" virt="non-virtual">
        <type>int</type>
        <definition>int jogar</definition>
        <argsstring>(ESTADO *e, COORDENADA c)</argsstring>
        <name>jogar</name>
        <param>
          <type><ref refid="struct_e_s_t_a_d_o" kindref="compound">ESTADO</ref> *</type>
          <declname>e</declname>
        </param>
        <param>
          <type><ref refid="struct_c_o_o_r_d_e_n_a_d_a" kindref="compound">COORDENADA</ref></type>
          <declname>c</declname>
        </param>
        <briefdescription>
<para>Função que realiza a jogada. </para>
        </briefdescription>
        <detaileddescription>
<para><parameterlist kind="param"><parameteritem>
<parameternamelist>
<parametername>e</parametername>
</parameternamelist>
<parameterdescription>
<para>É o estado do jogo que será alterado </para>
</parameterdescription>
</parameteritem>
</parameterlist>
</para>
        </detaileddescription>
        <inbodydescription>
        </inbodydescription>
        <location file="Trab de Li 2 ATUAL/Logica.h" line="68" column="5" bodyfile="Trab de Li 2 ATUAL/Logica.c" bodystart="84" bodyend="119" declfile="Trab de Li 2 ATUAL/Logica.h" declline="68" declcolumn="5"/>
      </memberdef>
      <memberdef kind="function" id="_logica_8h_1a1598427912dd475a62c8510b9954e850" prot="public" static="no" const="no" explicit="no" inline="no" virt="non-virtual">
        <type><ref refid="struct_e_s_t_a_d_o" kindref="compound">ESTADO</ref> *</type>
        <definition>ESTADO* reset_tab</definition>
        <argsstring>(ESTADO *e)</argsstring>
        <name>reset_tab</name>
        <param>
          <type><ref refid="struct_e_s_t_a_d_o" kindref="compound">ESTADO</ref> *</type>
          <declname>e</declname>
        </param>
        <briefdescription>
<para>Função que limpa o tabuleiro. </para>
        </briefdescription>
        <detaileddescription>
<para><parameterlist kind="param"><parameteritem>
<parameternamelist>
<parametername>e</parametername>
</parameternamelist>
<parameterdescription>
<para>O estado do jogo. </para>
</parameterdescription>
</parameteritem>
</parameterlist>
</para>
        </detaileddescription>
        <inbodydescription>
        </inbodydescription>
        <location file="Trab de Li 2 ATUAL/Logica.h" line="74" column="9" bodyfile="Trab de Li 2 ATUAL/Logica.c" bodystart="121" bodyend="135" declfile="Trab de Li 2 ATUAL/Logica.h" declline="74" declcolumn="9"/>
      </memberdef>
      <memberdef kind="function" id="_logica_8h_1a68e94a3c0d51af8099f17908ed15cfa8" prot="public" static="no" const="no" explicit="no" inline="no" virt="non-virtual">
        <type>int *</type>
        <definition>int* desenha_jogada</definition>
        <argsstring>(ESTADO *e, JOGADA jogada)</argsstring>
        <name>desenha_jogada</name>
        <param>
          <type><ref refid="struct_e_s_t_a_d_o" kindref="compound">ESTADO</ref> *</type>
          <declname>e</declname>
        </param>
        <param>
          <type><ref refid="struct_j_o_g_a_d_a" kindref="compound">JOGADA</ref></type>
          <declname>jogada</declname>
        </param>
        <briefdescription>
<para>Desenha no tabuleiro uma sequência dois movimentos. </para>
        </briefdescription>
        <detaileddescription>
<para><parameterlist kind="param"><parameteritem>
<parameternamelist>
<parametername>e</parametername>
</parameternamelist>
<parameterdescription>
<para>É o estado que vai ser alterado </para>
</parameterdescription>
</parameteritem>
<parameteritem>
<parameternamelist>
<parametername>jogada</parametername>
</parameternamelist>
<parameterdescription>
<para>É a jogada que vai ser desenhada </para>
</parameterdescription>
</parameteritem>
</parameterlist>
</para>
        </detaileddescription>
        <inbodydescription>
        </inbodydescription>
        <location file="Trab de Li 2 ATUAL/Logica.h" line="81" column="5" bodyfile="Trab de Li 2 ATUAL/Logica.c" bodystart="137" bodyend="145" declfile="Trab de Li 2 ATUAL/Logica.h" declline="81" declcolumn="5"/>
      </memberdef>
      <memberdef kind="function" id="_logica_8h_1a0de576437e8b6e3c224a112334f018f1" prot="public" static="no" const="no" explicit="no" inline="no" virt="non-virtual">
        <type>void</type>
        <definition>void pos</definition>
        <argsstring>(ESTADO *e, int i)</argsstring>
        <name>pos</name>
        <param>
          <type><ref refid="struct_e_s_t_a_d_o" kindref="compound">ESTADO</ref> *</type>
          <declname>e</declname>
        </param>
        <param>
          <type>int</type>
          <declname>i</declname>
        </param>
        <briefdescription>
<para>Esta função permite mover o jogo para qualquer uma das suas fases. </para>
        </briefdescription>
        <detaileddescription>
<para><parameterlist kind="param"><parameteritem>
<parameternamelist>
<parametername>e</parametername>
</parameternamelist>
<parameterdescription>
<para>É o estado solicitado </para>
</parameterdescription>
</parameteritem>
<parameteritem>
<parameternamelist>
<parametername>i</parametername>
</parameternamelist>
<parameterdescription>
<para>É a posição solicitada </para>
</parameterdescription>
</parameteritem>
</parameterlist>
</para>
        </detaileddescription>
        <inbodydescription>
        </inbodydescription>
        <location file="Trab de Li 2 ATUAL/Logica.h" line="88" column="6" bodyfile="Trab de Li 2 ATUAL/Logica.c" bodystart="148" bodyend="180" declfile="Trab de Li 2 ATUAL/Logica.h" declline="88" declcolumn="6"/>
      </memberdef>
      <memberdef kind="function" id="_logica_8h_1a4ed31b0ec6bb43c061b5decef4e2bf9e" prot="public" static="no" const="no" explicit="no" inline="no" virt="non-virtual">
        <type><ref refid="_listas_8h_1a2ed03b19209dd10718380b31b09a69f5" kindref="member">LISTA</ref></type>
        <definition>LISTA casas_disp</definition>
        <argsstring>(ESTADO *e, COORDENADA c)</argsstring>
        <name>casas_disp</name>
        <param>
          <type><ref refid="struct_e_s_t_a_d_o" kindref="compound">ESTADO</ref> *</type>
          <declname>e</declname>
        </param>
        <param>
          <type><ref refid="struct_c_o_o_r_d_e_n_a_d_a" kindref="compound">COORDENADA</ref></type>
          <declname>c</declname>
        </param>
        <briefdescription>
<para>Cria uma lista das casas disponiveis em torno da peça branca. </para>
        </briefdescription>
        <detaileddescription>
<para><parameterlist kind="param"><parameteritem>
<parameternamelist>
<parametername>e</parametername>
</parameternamelist>
<parameterdescription>
<para>Estado atual do tabuleiro. </para>
</parameterdescription>
</parameteritem>
<parameteritem>
<parameternamelist>
<parametername>c</parametername>
</parameternamelist>
<parameterdescription>
<para>A coordenada a ser testada. </para>
</parameterdescription>
</parameteritem>
</parameterlist>
</para>
        </detaileddescription>
        <inbodydescription>
        </inbodydescription>
        <location file="Trab de Li 2 ATUAL/Logica.h" line="95" column="7" bodyfile="Trab de Li 2 ATUAL/Logica.c" bodystart="182" bodyend="209" declfile="Trab de Li 2 ATUAL/Logica.h" declline="95" declcolumn="7"/>
      </memberdef>
      <memberdef kind="function" id="_logica_8h_1a60a8eb9cbfb8d50716674ce3be1bc397" prot="public" static="no" const="no" explicit="no" inline="no" virt="non-virtual">
        <type><ref refid="struct_c_o_o_r_d_e_n_a_d_a" kindref="compound">COORDENADA</ref></type>
        <definition>COORDENADA rand_coord</definition>
        <argsstring>(LISTA l)</argsstring>
        <name>rand_coord</name>
        <param>
          <type><ref refid="_listas_8h_1a2ed03b19209dd10718380b31b09a69f5" kindref="member">LISTA</ref></type>
          <declname>l</declname>
        </param>
        <briefdescription>
<para>Devolve uma coordenada aleatória. </para>
        </briefdescription>
        <detaileddescription>
<para><parameterlist kind="param"><parameteritem>
<parameternamelist>
<parametername>l</parametername>
</parameternamelist>
<parameterdescription>
<para>lista de coordenadas. </para>
</parameterdescription>
</parameteritem>
</parameterlist>
</para>
        </detaileddescription>
        <inbodydescription>
        </inbodydescription>
        <location file="Trab de Li 2 ATUAL/Logica.h" line="101" column="12" bodyfile="Trab de Li 2 ATUAL/Logica.c" bodystart="211" bodyend="223" declfile="Trab de Li 2 ATUAL/Logica.h" declline="101" declcolumn="12"/>
      </memberdef>
      <memberdef kind="function" id="_logica_8h_1a39a83bbb6b186655ccf97b767db14278" prot="public" static="no" const="no" explicit="no" inline="no" virt="non-virtual">
        <type>int</type>
        <definition>int jogs</definition>
        <argsstring>(ESTADO *e)</argsstring>
        <name>jogs</name>
        <param>
          <type><ref refid="struct_e_s_t_a_d_o" kindref="compound">ESTADO</ref> *</type>
          <declname>e</declname>
        </param>
        <briefdescription>
<para>Realiza uma jogada segundo um algoritmo aleatório. </para>
        </briefdescription>
        <detaileddescription>
<para><parameterlist kind="param"><parameteritem>
<parameternamelist>
<parametername>e</parametername>
</parameternamelist>
<parameterdescription>
<para>Estado a ser alterado aleatoriamente. </para>
</parameterdescription>
</parameteritem>
</parameterlist>
</para>
        </detaileddescription>
        <inbodydescription>
        </inbodydescription>
        <location file="Trab de Li 2 ATUAL/Logica.h" line="107" column="5" bodyfile="Trab de Li 2 ATUAL/Logica.c" bodystart="225" bodyend="228" declfile="Trab de Li 2 ATUAL/Logica.h" declline="107" declcolumn="5"/>
      </memberdef>
      <memberdef kind="function" id="_logica_8h_1a2b49bc3be4951d6204937cc3a5b4e9c2" prot="public" static="no" const="no" explicit="no" inline="no" virt="non-virtual">
        <type>double</type>
        <definition>double distancia</definition>
        <argsstring>(COORDENADA c1, COORDENADA c2)</argsstring>
        <name>distancia</name>
        <param>
          <type><ref refid="struct_c_o_o_r_d_e_n_a_d_a" kindref="compound">COORDENADA</ref></type>
          <declname>c1</declname>
        </param>
        <param>
          <type><ref refid="struct_c_o_o_r_d_e_n_a_d_a" kindref="compound">COORDENADA</ref></type>
          <declname>c2</declname>
        </param>
        <briefdescription>
<para>Calcula a distancia entre dois pontos. </para>
        </briefdescription>
        <detaileddescription>
<para><parameterlist kind="param"><parameteritem>
<parameternamelist>
<parametername>c1</parametername>
</parameternamelist>
<parameterdescription>
<para>A primeira coordenada. </para>
</parameterdescription>
</parameteritem>
<parameteritem>
<parameternamelist>
<parametername>c2</parametername>
</parameternamelist>
<parameterdescription>
<para>A segunda coordenada. </para>
</parameterdescription>
</parameteritem>
</parameterlist>
<simplesect kind="return"><para>r A distância euclidiana. </para>
</simplesect>
</para>
        </detaileddescription>
        <inbodydescription>
        </inbodydescription>
        <location file="Trab de Li 2 ATUAL/Logica.h" line="115" column="8" bodyfile="Trab de Li 2 ATUAL/Logica.c" bodystart="230" bodyend="238" declfile="Trab de Li 2 ATUAL/Logica.h" declline="115" declcolumn="8"/>
      </memberdef>
      <memberdef kind="function" id="_logica_8h_1a8e0d5c76435c7186eb9081daf60e118f" prot="public" static="no" const="no" explicit="no" inline="no" virt="non-virtual">
        <type><ref refid="struct_c_o_o_r_d_e_n_a_d_a" kindref="compound">COORDENADA</ref></type>
        <definition>COORDENADA euclidiana</definition>
        <argsstring>(LISTA l, int player)</argsstring>
        <name>euclidiana</name>
        <param>
          <type><ref refid="_listas_8h_1a2ed03b19209dd10718380b31b09a69f5" kindref="member">LISTA</ref></type>
          <declname>l</declname>
        </param>
        <param>
          <type>int</type>
          <declname>player</declname>
        </param>
        <briefdescription>
<para>Devolve uma coordenada segundo a heuristica da distancia euclidiana. </para>
        </briefdescription>
        <detaileddescription>
<para><parameterlist kind="param"><parameteritem>
<parameternamelist>
<parametername>l</parametername>
</parameternamelist>
<parameterdescription>
<para>Lista de coordenadas disponiveis. </para>
</parameterdescription>
</parameteritem>
<parameteritem>
<parameternamelist>
<parametername>player</parametername>
</parameternamelist>
<parameterdescription>
<para>O jogador em questão. </para>
</parameterdescription>
</parameteritem>
</parameterlist>
<simplesect kind="return"><para>c A coordenada do jogador em questão. </para>
</simplesect>
</para>
        </detaileddescription>
        <inbodydescription>
        </inbodydescription>
        <location file="Trab de Li 2 ATUAL/Logica.h" line="123" column="12" bodyfile="Trab de Li 2 ATUAL/Logica.c" bodystart="240" bodyend="256" declfile="Trab de Li 2 ATUAL/Logica.h" declline="123" declcolumn="12"/>
      </memberdef>
      <memberdef kind="function" id="_logica_8h_1a9265b7919a412964be25c72de9b526ab" prot="public" static="no" const="no" explicit="no" inline="no" virt="non-virtual">
        <type>int</type>
        <definition>int jogs2</definition>
        <argsstring>(ESTADO *e)</argsstring>
        <name>jogs2</name>
        <param>
          <type><ref refid="struct_e_s_t_a_d_o" kindref="compound">ESTADO</ref> *</type>
          <declname>e</declname>
        </param>
        <briefdescription>
<para>Realiza uma jogada segundo um algoritmo de distância euclidiana. </para>
        </briefdescription>
        <detaileddescription>
<para><parameterlist kind="param"><parameteritem>
<parameternamelist>
<parametername>e</parametername>
</parameternamelist>
<parameterdescription>
<para>O estado em que vai ser feita a jogada </para>
</parameterdescription>
</parameteritem>
</parameterlist>
</para>
        </detaileddescription>
        <inbodydescription>
        </inbodydescription>
        <location file="Trab de Li 2 ATUAL/Logica.h" line="129" column="5" bodyfile="Trab de Li 2 ATUAL/Logica.c" bodystart="258" bodyend="261" declfile="Trab de Li 2 ATUAL/Logica.h" declline="129" declcolumn="5"/>
      </memberdef>
      </sectiondef>
    <briefdescription>
    </briefdescription>
    <detaileddescription>
<para>Essa camada é responsável pela lógica por tras do jogo. </para>
    </detaileddescription>
    <programlisting>
<codeline lineno="1"></codeline>
<codeline lineno="6"><highlight class="preprocessor">#ifndef<sp/>TRABALHO_DE_LI_LOGICA_H</highlight><highlight class="normal"></highlight></codeline>
<codeline lineno="7"><highlight class="normal"></highlight><highlight class="preprocessor">#define<sp/>TRABALHO_DE_LI_LOGICA_H</highlight><highlight class="normal"></highlight></codeline>
<codeline lineno="8"><highlight class="normal"></highlight></codeline>
<codeline lineno="9"><highlight class="normal"></highlight><highlight class="preprocessor">#include<sp/>&quot;<ref refid="_dados_8h" kindref="compound">Dados.h</ref>&quot;</highlight><highlight class="normal"></highlight></codeline>
<codeline lineno="10"><highlight class="normal"></highlight><highlight class="preprocessor">#include<sp/>&quot;<ref refid="_interface_8h" kindref="compound">Interface.h</ref>&quot;</highlight><highlight class="normal"></highlight></codeline>
<codeline lineno="11"><highlight class="normal"></highlight><highlight class="preprocessor">#include<sp/>&quot;<ref refid="_listas_8h" kindref="compound">Listas.h</ref>&quot;</highlight><highlight class="normal"></highlight></codeline>
<codeline lineno="12"><highlight class="normal"></highlight></codeline>
<codeline lineno="18"><highlight class="keywordtype">int</highlight><highlight class="normal"><sp/><ref refid="_logica_8h_1a703fcaaa11665ec5eb0ff2a3dc60a420" kindref="member">quem_ganha</ref>(<ref refid="struct_e_s_t_a_d_o" kindref="compound">ESTADO</ref><sp/>*estado);</highlight></codeline>
<codeline lineno="19"><highlight class="normal"></highlight></codeline>
<codeline lineno="25"><highlight class="keywordtype">int</highlight><highlight class="normal"><sp/><ref refid="_logica_8h_1a4eec13ff564158fa4077e44263639e95" kindref="member">encurralado</ref>(<ref refid="struct_e_s_t_a_d_o" kindref="compound">ESTADO</ref><sp/>*estado);</highlight></codeline>
<codeline lineno="26"><highlight class="normal"></highlight></codeline>
<codeline lineno="33"><highlight class="keywordtype">int</highlight><highlight class="normal"><sp/><ref refid="_logica_8h_1aa0ac5baf8b7b832c7d55e5b2c55e0039" kindref="member">e_vizinho</ref><sp/>(<ref refid="struct_c_o_o_r_d_e_n_a_d_a" kindref="compound">COORDENADA</ref><sp/>c1,<sp/><ref refid="struct_c_o_o_r_d_e_n_a_d_a" kindref="compound">COORDENADA</ref><sp/>c2);</highlight></codeline>
<codeline lineno="34"><highlight class="normal"></highlight></codeline>
<codeline lineno="41"><highlight class="keywordtype">int</highlight><highlight class="normal"><sp/><ref refid="_logica_8h_1a64ca232dda323890b0b9df79370b79ed" kindref="member">e_vazio</ref><sp/>(<ref refid="struct_c_o_o_r_d_e_n_a_d_a" kindref="compound">COORDENADA</ref><sp/>c3,<sp/><ref refid="struct_e_s_t_a_d_o" kindref="compound">ESTADO</ref>*<sp/>state);</highlight></codeline>
<codeline lineno="42"><highlight class="normal"></highlight></codeline>
<codeline lineno="48"><highlight class="keywordtype">int</highlight><highlight class="normal"><sp/><ref refid="_logica_8h_1aa8a94d8d4817ff867bd6ba658c9fc9ba" kindref="member">e_peca</ref><sp/>(<ref refid="struct_c_o_o_r_d_e_n_a_d_a" kindref="compound">COORDENADA</ref><sp/>c);</highlight></codeline>
<codeline lineno="49"><highlight class="normal"></highlight></codeline>
<codeline lineno="55"><highlight class="normal"><ref refid="_dados_8h_1aba91601f16d4c485b2d9b8c429f27039" kindref="member">CASA</ref><sp/><ref refid="_logica_8h_1a907bfeffe2704d04fad9c185bac094b3" kindref="member">qualcasa</ref><sp/>(</highlight><highlight class="keywordtype">char</highlight><highlight class="normal"><sp/>c);</highlight></codeline>
<codeline lineno="56"><highlight class="normal"></highlight></codeline>
<codeline lineno="62"><highlight class="keywordtype">int</highlight><highlight class="normal"><sp/><ref refid="_logica_8h_1a819b689cf358a197b747e52b27ad30f2" kindref="member">vencer</ref>(<ref refid="struct_e_s_t_a_d_o" kindref="compound">ESTADO</ref><sp/>*estado);</highlight></codeline>
<codeline lineno="63"><highlight class="normal"></highlight></codeline>
<codeline lineno="68"><highlight class="keywordtype">int</highlight><highlight class="normal"><sp/><ref refid="_logica_8h_1ac313d7e553b1e2b5f266acb9bfff8141" kindref="member">jogar</ref>(<ref refid="struct_e_s_t_a_d_o" kindref="compound">ESTADO</ref><sp/>*e,<sp/><ref refid="struct_c_o_o_r_d_e_n_a_d_a" kindref="compound">COORDENADA</ref><sp/>c);</highlight></codeline>
<codeline lineno="69"><highlight class="normal"></highlight></codeline>
<codeline lineno="74"><highlight class="normal"><ref refid="struct_e_s_t_a_d_o" kindref="compound">ESTADO</ref><sp/>*<sp/><ref refid="_logica_8h_1a1598427912dd475a62c8510b9954e850" kindref="member">reset_tab</ref><sp/>(<ref refid="struct_e_s_t_a_d_o" kindref="compound">ESTADO</ref><sp/>*e);</highlight></codeline>
<codeline lineno="75"><highlight class="normal"></highlight></codeline>
<codeline lineno="81"><highlight class="keywordtype">int</highlight><highlight class="normal"><sp/>*<ref refid="_logica_8h_1a68e94a3c0d51af8099f17908ed15cfa8" kindref="member">desenha_jogada</ref>(<ref refid="struct_e_s_t_a_d_o" kindref="compound">ESTADO</ref><sp/>*e,<sp/><ref refid="struct_j_o_g_a_d_a" kindref="compound">JOGADA</ref><sp/>jogada);</highlight></codeline>
<codeline lineno="82"><highlight class="normal"></highlight></codeline>
<codeline lineno="88"><highlight class="keywordtype">void</highlight><highlight class="normal"><sp/><ref refid="_logica_8h_1a0de576437e8b6e3c224a112334f018f1" kindref="member">pos</ref><sp/>(<ref refid="struct_e_s_t_a_d_o" kindref="compound">ESTADO</ref><sp/>*e,<sp/></highlight><highlight class="keywordtype">int</highlight><highlight class="normal"><sp/>i);</highlight></codeline>
<codeline lineno="89"><highlight class="normal"></highlight></codeline>
<codeline lineno="95"><highlight class="normal"><ref refid="structnodo" kindref="compound">LISTA</ref><sp/><ref refid="_logica_8h_1a4ed31b0ec6bb43c061b5decef4e2bf9e" kindref="member">casas_disp</ref>(<ref refid="struct_e_s_t_a_d_o" kindref="compound">ESTADO</ref><sp/>*e,<sp/><ref refid="struct_c_o_o_r_d_e_n_a_d_a" kindref="compound">COORDENADA</ref><sp/>c);</highlight></codeline>
<codeline lineno="96"><highlight class="normal"></highlight></codeline>
<codeline lineno="101"><highlight class="normal"><ref refid="struct_c_o_o_r_d_e_n_a_d_a" kindref="compound">COORDENADA</ref><sp/><ref refid="_logica_8h_1a60a8eb9cbfb8d50716674ce3be1bc397" kindref="member">rand_coord</ref>(<ref refid="structnodo" kindref="compound">LISTA</ref><sp/>l);</highlight></codeline>
<codeline lineno="102"><highlight class="normal"></highlight></codeline>
<codeline lineno="107"><highlight class="keywordtype">int</highlight><highlight class="normal"><sp/><ref refid="_logica_8h_1a39a83bbb6b186655ccf97b767db14278" kindref="member">jogs</ref>(<ref refid="struct_e_s_t_a_d_o" kindref="compound">ESTADO</ref><sp/>*e);</highlight></codeline>
<codeline lineno="108"><highlight class="normal"></highlight></codeline>
<codeline lineno="115"><highlight class="keywordtype">double</highlight><highlight class="normal"><sp/><ref refid="_logica_8h_1a2b49bc3be4951d6204937cc3a5b4e9c2" kindref="member">distancia</ref>(<ref refid="struct_c_o_o_r_d_e_n_a_d_a" kindref="compound">COORDENADA</ref><sp/>c1,<sp/><ref refid="struct_c_o_o_r_d_e_n_a_d_a" kindref="compound">COORDENADA</ref><sp/>c2);</highlight></codeline>
<codeline lineno="116"><highlight class="normal"></highlight></codeline>
<codeline lineno="123"><highlight class="normal"><ref refid="struct_c_o_o_r_d_e_n_a_d_a" kindref="compound">COORDENADA</ref><sp/><ref refid="_logica_8h_1a8e0d5c76435c7186eb9081daf60e118f" kindref="member">euclidiana</ref>(<ref refid="structnodo" kindref="compound">LISTA</ref><sp/>l,<sp/></highlight><highlight class="keywordtype">int</highlight><highlight class="normal"><sp/>player);</highlight></codeline>
<codeline lineno="124"><highlight class="normal"></highlight></codeline>
<codeline lineno="129"><highlight class="keywordtype">int</highlight><highlight class="normal"><sp/><ref refid="_logica_8h_1a9265b7919a412964be25c72de9b526ab" kindref="member">jogs2</ref>(<ref refid="struct_e_s_t_a_d_o" kindref="compound">ESTADO</ref><sp/>*e);</highlight></codeline>
<codeline lineno="130"><highlight class="normal"></highlight></codeline>
<codeline lineno="131"><highlight class="normal"></highlight></codeline>
<codeline lineno="132"><highlight class="normal"></highlight><highlight class="preprocessor">#endif<sp/>//TRABALHO_DE_LI_LOGICA_H</highlight></codeline>
    </programlisting>
    <location file="Trab de Li 2 ATUAL/Logica.h"/>
  </compounddef>
</doxygen>
