<?xml version='1.0' encoding='UTF-8' standalone='no'?>
<doxygen xmlns:xsi="http://www.w3.org/2001/XMLSchema-instance" xsi:noNamespaceSchemaLocation="compound.xsd" version="1.8.17">
  <compounddef id="dir_6a7d2cebacbc4b407f3a93265d9d4457" kind="dir">
    <compoundname>Trab de Li 2 ATUAL</compoundname>
    <innerfile refid="_dados_8c">Dados.c</innerfile>
    <innerfile refid="_dados_8h">Dados.h</innerfile>
    <innerfile refid="_interface_8c">Interface.c</innerfile>
    <innerfile refid="_interface_8h">Interface.h</innerfile>
    <innerfile refid="_listas_8c">Listas.c</innerfile>
    <innerfile refid="_listas_8h">Listas.h</innerfile>
    <innerfile refid="_logica_8c">Logica.c</innerfile>
    <innerfile refid="_logica_8h">Logica.h</innerfile>
    <innerfile refid="main_8c">main.c</innerfile>
    <briefdescription>
    </briefdescription>
    <detaileddescription>
    </detaileddescription>
    <location file="Trab de Li 2 ATUAL/"/>
  </compounddef>
</doxygen>
