<?xml version='1.0' encoding='UTF-8' standalone='no'?>
<doxygenindex xmlns:xsi="http://www.w3.org/2001/XMLSchema-instance" xsi:noNamespaceSchemaLocation="index.xsd" version="1.8.17">
  <compound refid="struct_c_o_o_r_d_e_n_a_d_a" kind="struct"><name>COORDENADA</name>
    <member refid="struct_c_o_o_r_d_e_n_a_d_a_1a4a2f44649af1dfbf8d13141d5a336455" kind="variable"><name>coluna</name></member>
    <member refid="struct_c_o_o_r_d_e_n_a_d_a_1af20d02e678ba0aeaf8727d747151baf0" kind="variable"><name>linha</name></member>
  </compound>
  <compound refid="struct_e_s_t_a_d_o" kind="struct"><name>ESTADO</name>
    <member refid="struct_e_s_t_a_d_o_1a00c6ffee9c6e637d4178cb6e8846a578" kind="variable"><name>tab</name></member>
    <member refid="struct_e_s_t_a_d_o_1a88f042640b66b99525b1c9d830893177" kind="variable"><name>ultima_jogada</name></member>
    <member refid="struct_e_s_t_a_d_o_1a0e44ff9e999c7573f4b87cb8a7aba6c2" kind="variable"><name>jogadas</name></member>
    <member refid="struct_e_s_t_a_d_o_1a06af1e846368d0fc9525e78f4d86faa3" kind="variable"><name>num_jogadas</name></member>
    <member refid="struct_e_s_t_a_d_o_1a6f3701db06762a60333719d94aa4d28c" kind="variable"><name>jogador_atual</name></member>
  </compound>
  <compound refid="struct_j_o_g_a_d_a" kind="struct"><name>JOGADA</name>
    <member refid="struct_j_o_g_a_d_a_1aad7d21d5a8e288caf7e90f717066aa09" kind="variable"><name>jogador1</name></member>
    <member refid="struct_j_o_g_a_d_a_1a3dc122c89c610e66c84c57e574e2fdc0" kind="variable"><name>jogador2</name></member>
  </compound>
  <compound refid="structnodo" kind="struct"><name>nodo</name>
    <member refid="structnodo_1ac78f1a082a695595f0d3ed32cead97f4" kind="variable"><name>valor</name></member>
    <member refid="structnodo_1a03f1eceb28ca4022ecc73589b6ca39d9" kind="variable"><name>proximo</name></member>
  </compound>
  <compound refid="_c_make_lists_8txt" kind="file"><name>CMakeLists.txt</name>
  </compound>
  <compound refid="_dados_8c" kind="file"><name>Dados.c</name>
    <member refid="_dados_8c_1a7e0c7e26fb685d9ab501e19b05e6954f" kind="function"><name>inicializar_estado</name></member>
    <member refid="_dados_8c_1a9f0dd79778fc7f41098b93a1e29bdcb9" kind="function"><name>conv_c</name></member>
    <member refid="_dados_8c_1acb70dbd3905a451c8d815addb17b9c3a" kind="function"><name>conv_l</name></member>
    <member refid="_dados_8c_1ad6e326e4ffa57ca1ae0c75377ecefc8c" kind="function"><name>obter_jogador_atual</name></member>
    <member refid="_dados_8c_1a6cd0b387bdee9e18003c78852394aa63" kind="function"><name>obter_numero_de_jogadas</name></member>
    <member refid="_dados_8c_1aaa1ed229d1bbebe93de9f27d13e4bfc2" kind="function"><name>obter_casa</name></member>
    <member refid="_dados_8c_1a193d8b430c7cdf263d03e2d557e0ebeb" kind="function"><name>obter_coluna</name></member>
    <member refid="_dados_8c_1aa5d95d7b98978570b798964a3de01d24" kind="function"><name>obter_linha</name></member>
    <member refid="_dados_8c_1a7404297692d7f4b41adc3aaeb879a3b6" kind="function"><name>obter_coluna_ult</name></member>
    <member refid="_dados_8c_1a9c353ba627e6e10a25e2c44f0fa10d25" kind="function"><name>obter_linha_ult</name></member>
    <member refid="_dados_8c_1a85df295fb7724429b9e97b13b5e70878" kind="function"><name>obter_coord_ult</name></member>
    <member refid="_dados_8c_1ab1b2be1dd101f241a26150451354266a" kind="function"><name>obter_coord</name></member>
    <member refid="_dados_8c_1a4485783336588338b42f5ec04dea2a44" kind="function"><name>obter_jogadas</name></member>
    <member refid="_dados_8c_1a0cecf912ae5bddea7a59d684c7cfe1ba" kind="function"><name>guarda_ultima_jog</name></member>
    <member refid="_dados_8c_1a616a1f3045d63dda6820e06ab87b42ce" kind="function"><name>guarda_num_jogs</name></member>
    <member refid="_dados_8c_1a4bf4d4f1ccce3b17ef05423cd366b9e0" kind="function"><name>alteracasa</name></member>
    <member refid="_dados_8c_1a09b3a38b3ae012990530ac8107d80569" kind="function"><name>guarda_jogada</name></member>
    <member refid="_dados_8c_1aa5477de13b00cc1d1950d8314c268de6" kind="function"><name>guarda_jogada_coord</name></member>
    <member refid="_dados_8c_1ae7bce55ca6469ed653b6b668d652504d" kind="function"><name>guardar_jogador</name></member>
  </compound>
  <compound refid="_dados_8h" kind="file"><name>Dados.h</name>
    <member refid="_dados_8h_1aba91601f16d4c485b2d9b8c429f27039" kind="enum"><name>CASA</name></member>
    <member refid="_dados_8h_1aba91601f16d4c485b2d9b8c429f27039abc711f491a56ec7af7a688be508c5113" kind="enumvalue"><name>VAZIO</name></member>
    <member refid="_dados_8h_1aba91601f16d4c485b2d9b8c429f27039ad24485fddec75419fd4a0cc9edda0ca5" kind="enumvalue"><name>BRANCA</name></member>
    <member refid="_dados_8h_1aba91601f16d4c485b2d9b8c429f27039a007278eb3827d19891b47cdd3ac8846d" kind="enumvalue"><name>PRETA</name></member>
    <member refid="_dados_8h_1aba91601f16d4c485b2d9b8c429f27039ab620e38b0268bee43c7e9a88bd6e73fa" kind="enumvalue"><name>UM</name></member>
    <member refid="_dados_8h_1aba91601f16d4c485b2d9b8c429f27039a2bf153109d0c8b96e61bc18d5be7c5da" kind="enumvalue"><name>DOIS</name></member>
    <member refid="_dados_8h_1a94c221d29a1760f008b7834093259b7d" kind="typedef"><name>JOGADAS</name></member>
    <member refid="_dados_8h_1a7e0c7e26fb685d9ab501e19b05e6954f" kind="function"><name>inicializar_estado</name></member>
    <member refid="_dados_8h_1a9f0dd79778fc7f41098b93a1e29bdcb9" kind="function"><name>conv_c</name></member>
    <member refid="_dados_8h_1acb70dbd3905a451c8d815addb17b9c3a" kind="function"><name>conv_l</name></member>
    <member refid="_dados_8h_1ad6e326e4ffa57ca1ae0c75377ecefc8c" kind="function"><name>obter_jogador_atual</name></member>
    <member refid="_dados_8h_1a6cd0b387bdee9e18003c78852394aa63" kind="function"><name>obter_numero_de_jogadas</name></member>
    <member refid="_dados_8h_1aaa1ed229d1bbebe93de9f27d13e4bfc2" kind="function"><name>obter_casa</name></member>
    <member refid="_dados_8h_1aa5d95d7b98978570b798964a3de01d24" kind="function"><name>obter_linha</name></member>
    <member refid="_dados_8h_1a193d8b430c7cdf263d03e2d557e0ebeb" kind="function"><name>obter_coluna</name></member>
    <member refid="_dados_8h_1ab1b2be1dd101f241a26150451354266a" kind="function"><name>obter_coord</name></member>
    <member refid="_dados_8h_1a9c353ba627e6e10a25e2c44f0fa10d25" kind="function"><name>obter_linha_ult</name></member>
    <member refid="_dados_8h_1a7404297692d7f4b41adc3aaeb879a3b6" kind="function"><name>obter_coluna_ult</name></member>
    <member refid="_dados_8h_1a85df295fb7724429b9e97b13b5e70878" kind="function"><name>obter_coord_ult</name></member>
    <member refid="_dados_8h_1a4485783336588338b42f5ec04dea2a44" kind="function"><name>obter_jogadas</name></member>
    <member refid="_dados_8h_1a0cecf912ae5bddea7a59d684c7cfe1ba" kind="function"><name>guarda_ultima_jog</name></member>
    <member refid="_dados_8h_1a616a1f3045d63dda6820e06ab87b42ce" kind="function"><name>guarda_num_jogs</name></member>
    <member refid="_dados_8h_1a4bf4d4f1ccce3b17ef05423cd366b9e0" kind="function"><name>alteracasa</name></member>
    <member refid="_dados_8h_1a09b3a38b3ae012990530ac8107d80569" kind="function"><name>guarda_jogada</name></member>
    <member refid="_dados_8h_1aa5477de13b00cc1d1950d8314c268de6" kind="function"><name>guarda_jogada_coord</name></member>
    <member refid="_dados_8h_1ae7bce55ca6469ed653b6b668d652504d" kind="function"><name>guardar_jogador</name></member>
  </compound>
  <compound refid="_interface_8c" kind="file"><name>Interface.c</name>
    <member refid="_interface_8c_1a6821bafc3c88dfb2e433a095df9940c6" kind="define"><name>BUF_SIZE</name></member>
    <member refid="_interface_8c_1abbd876b144cd2b43aa5f6ad551eb480b" kind="function"><name>gravar</name></member>
    <member refid="_interface_8c_1a13a5fd1ffeb05c1f7390581eb2ee7a05" kind="function"><name>lerfich</name></member>
    <member refid="_interface_8c_1abc79096c61e8f7124d188824b2ecec7d" kind="function"><name>char_int</name></member>
    <member refid="_interface_8c_1a4525a57d0cd9ed3c9150e19b67e1dad6" kind="function"><name>mostrar_tabuleiro</name></member>
    <member refid="_interface_8c_1a24da95ebeede4a540e37790ce8be359b" kind="function"><name>interpretador</name></member>
    <member refid="_interface_8c_1abe85a0d9f8b389b7747666bb2e39dbf8" kind="function"><name>write_coord</name></member>
    <member refid="_interface_8c_1a9cd898393288bc7dfdb1fc9d76457ab7" kind="function"><name>movs</name></member>
    <member refid="_interface_8c_1aa12c29340c66dea6b85486aafce73e58" kind="function"><name>erros</name></member>
  </compound>
  <compound refid="_interface_8h" kind="file"><name>Interface.h</name>
    <member refid="_interface_8h_1abbd876b144cd2b43aa5f6ad551eb480b" kind="function"><name>gravar</name></member>
    <member refid="_interface_8h_1a13a5fd1ffeb05c1f7390581eb2ee7a05" kind="function"><name>lerfich</name></member>
    <member refid="_interface_8h_1abe85a0d9f8b389b7747666bb2e39dbf8" kind="function"><name>write_coord</name></member>
    <member refid="_interface_8h_1a9cd898393288bc7dfdb1fc9d76457ab7" kind="function"><name>movs</name></member>
    <member refid="_interface_8h_1a4525a57d0cd9ed3c9150e19b67e1dad6" kind="function"><name>mostrar_tabuleiro</name></member>
    <member refid="_interface_8h_1a24da95ebeede4a540e37790ce8be359b" kind="function"><name>interpretador</name></member>
    <member refid="_interface_8h_1aa12c29340c66dea6b85486aafce73e58" kind="function"><name>erros</name></member>
    <member refid="_interface_8h_1abc79096c61e8f7124d188824b2ecec7d" kind="function"><name>char_int</name></member>
  </compound>
  <compound refid="_listas_8c" kind="file"><name>Listas.c</name>
    <member refid="_listas_8c_1ae3b99323b6f8f35d80bb69ff1a27985e" kind="function"><name>criar_lista</name></member>
    <member refid="_listas_8c_1a37ba5fc3cfddb6bc94d4b54b00bc696e" kind="function"><name>insere_cabeca</name></member>
    <member refid="_listas_8c_1abfcb205f3eb670157be0d1221021714b" kind="function"><name>devolve_cabeca</name></member>
    <member refid="_listas_8c_1ad9380152361127432c55c1c6067e05ae" kind="function"><name>proximo</name></member>
    <member refid="_listas_8c_1a9026a681a68322b5ec7f07137b864cbd" kind="function"><name>remove_cabeca</name></member>
    <member refid="_listas_8c_1a4c10928f7acaa4e3de3760cea0dfd9c0" kind="function"><name>lista_esta_vazia</name></member>
  </compound>
  <compound refid="_listas_8h" kind="file"><name>Listas.h</name>
    <member refid="_listas_8h_1ab352ead3fb06267f3afdd032d67c189c" kind="typedef"><name>NODO</name></member>
    <member refid="_listas_8h_1a2ed03b19209dd10718380b31b09a69f5" kind="typedef"><name>LISTA</name></member>
    <member refid="_listas_8h_1ae3b99323b6f8f35d80bb69ff1a27985e" kind="function"><name>criar_lista</name></member>
    <member refid="_listas_8h_1a37ba5fc3cfddb6bc94d4b54b00bc696e" kind="function"><name>insere_cabeca</name></member>
    <member refid="_listas_8h_1abfcb205f3eb670157be0d1221021714b" kind="function"><name>devolve_cabeca</name></member>
    <member refid="_listas_8h_1ad9380152361127432c55c1c6067e05ae" kind="function"><name>proximo</name></member>
    <member refid="_listas_8h_1a9026a681a68322b5ec7f07137b864cbd" kind="function"><name>remove_cabeca</name></member>
    <member refid="_listas_8h_1a4c10928f7acaa4e3de3760cea0dfd9c0" kind="function"><name>lista_esta_vazia</name></member>
  </compound>
  <compound refid="_logica_8c" kind="file"><name>Logica.c</name>
    <member refid="_logica_8c_1a703fcaaa11665ec5eb0ff2a3dc60a420" kind="function"><name>quem_ganha</name></member>
    <member refid="_logica_8c_1a4eec13ff564158fa4077e44263639e95" kind="function"><name>encurralado</name></member>
    <member refid="_logica_8c_1aa0ac5baf8b7b832c7d55e5b2c55e0039" kind="function"><name>e_vizinho</name></member>
    <member refid="_logica_8c_1a64ca232dda323890b0b9df79370b79ed" kind="function"><name>e_vazio</name></member>
    <member refid="_logica_8c_1aa8a94d8d4817ff867bd6ba658c9fc9ba" kind="function"><name>e_peca</name></member>
    <member refid="_logica_8c_1a907bfeffe2704d04fad9c185bac094b3" kind="function"><name>qualcasa</name></member>
    <member refid="_logica_8c_1a819b689cf358a197b747e52b27ad30f2" kind="function"><name>vencer</name></member>
    <member refid="_logica_8c_1ac313d7e553b1e2b5f266acb9bfff8141" kind="function"><name>jogar</name></member>
    <member refid="_logica_8c_1a1598427912dd475a62c8510b9954e850" kind="function"><name>reset_tab</name></member>
    <member refid="_logica_8c_1a68e94a3c0d51af8099f17908ed15cfa8" kind="function"><name>desenha_jogada</name></member>
    <member refid="_logica_8c_1a0de576437e8b6e3c224a112334f018f1" kind="function"><name>pos</name></member>
    <member refid="_logica_8c_1a4ed31b0ec6bb43c061b5decef4e2bf9e" kind="function"><name>casas_disp</name></member>
    <member refid="_logica_8c_1a60a8eb9cbfb8d50716674ce3be1bc397" kind="function"><name>rand_coord</name></member>
    <member refid="_logica_8c_1a39a83bbb6b186655ccf97b767db14278" kind="function"><name>jogs</name></member>
    <member refid="_logica_8c_1a2b49bc3be4951d6204937cc3a5b4e9c2" kind="function"><name>distancia</name></member>
    <member refid="_logica_8c_1a8e0d5c76435c7186eb9081daf60e118f" kind="function"><name>euclidiana</name></member>
    <member refid="_logica_8c_1a9265b7919a412964be25c72de9b526ab" kind="function"><name>jogs2</name></member>
  </compound>
  <compound refid="_logica_8h" kind="file"><name>Logica.h</name>
    <member refid="_logica_8h_1a703fcaaa11665ec5eb0ff2a3dc60a420" kind="function"><name>quem_ganha</name></member>
    <member refid="_logica_8h_1a4eec13ff564158fa4077e44263639e95" kind="function"><name>encurralado</name></member>
    <member refid="_logica_8h_1aa0ac5baf8b7b832c7d55e5b2c55e0039" kind="function"><name>e_vizinho</name></member>
    <member refid="_logica_8h_1a64ca232dda323890b0b9df79370b79ed" kind="function"><name>e_vazio</name></member>
    <member refid="_logica_8h_1aa8a94d8d4817ff867bd6ba658c9fc9ba" kind="function"><name>e_peca</name></member>
    <member refid="_logica_8h_1a907bfeffe2704d04fad9c185bac094b3" kind="function"><name>qualcasa</name></member>
    <member refid="_logica_8h_1a819b689cf358a197b747e52b27ad30f2" kind="function"><name>vencer</name></member>
    <member refid="_logica_8h_1ac313d7e553b1e2b5f266acb9bfff8141" kind="function"><name>jogar</name></member>
    <member refid="_logica_8h_1a1598427912dd475a62c8510b9954e850" kind="function"><name>reset_tab</name></member>
    <member refid="_logica_8h_1a68e94a3c0d51af8099f17908ed15cfa8" kind="function"><name>desenha_jogada</name></member>
    <member refid="_logica_8h_1a0de576437e8b6e3c224a112334f018f1" kind="function"><name>pos</name></member>
    <member refid="_logica_8h_1a4ed31b0ec6bb43c061b5decef4e2bf9e" kind="function"><name>casas_disp</name></member>
    <member refid="_logica_8h_1a60a8eb9cbfb8d50716674ce3be1bc397" kind="function"><name>rand_coord</name></member>
    <member refid="_logica_8h_1a39a83bbb6b186655ccf97b767db14278" kind="function"><name>jogs</name></member>
    <member refid="_logica_8h_1a2b49bc3be4951d6204937cc3a5b4e9c2" kind="function"><name>distancia</name></member>
    <member refid="_logica_8h_1a8e0d5c76435c7186eb9081daf60e118f" kind="function"><name>euclidiana</name></member>
    <member refid="_logica_8h_1a9265b7919a412964be25c72de9b526ab" kind="function"><name>jogs2</name></member>
  </compound>
  <compound refid="main_8c" kind="file"><name>main.c</name>
    <member refid="main_8c_1ae66f6b31b5ad750f1fe042a706a4e3d4" kind="function"><name>main</name></member>
  </compound>
  <compound refid="dir_6a7d2cebacbc4b407f3a93265d9d4457" kind="dir"><name>Trab de Li 2 ATUAL</name>
  </compound>
</doxygenindex>
