<?xml version='1.0' encoding='UTF-8' standalone='no'?>
<doxygen xmlns:xsi="http://www.w3.org/2001/XMLSchema-instance" xsi:noNamespaceSchemaLocation="compound.xsd" version="1.8.17">
  <compounddef id="main_8c" kind="file" language="C++">
    <compoundname>main.c</compoundname>
    <includes local="no">stdio.h</includes>
    <includes refid="_dados_8h" local="yes">Dados.h</includes>
    <includes refid="_interface_8h" local="yes">Interface.h</includes>
    <incdepgraph>
      <node id="3">
        <label>Dados.h</label>
        <link refid="_dados_8h"/>
      </node>
      <node id="6">
        <label>Listas.h</label>
        <link refid="_listas_8h"/>
      </node>
      <node id="5">
        <label>Logica.h</label>
        <link refid="_logica_8h"/>
        <childnode refid="3" relation="include">
        </childnode>
        <childnode refid="4" relation="include">
        </childnode>
        <childnode refid="6" relation="include">
        </childnode>
      </node>
      <node id="1">
        <label>Trab de Li 2 ATUAL/main.c</label>
        <link refid="main_8c"/>
        <childnode refid="2" relation="include">
        </childnode>
        <childnode refid="3" relation="include">
        </childnode>
        <childnode refid="4" relation="include">
        </childnode>
      </node>
      <node id="4">
        <label>Interface.h</label>
        <link refid="_interface_8h"/>
        <childnode refid="3" relation="include">
        </childnode>
        <childnode refid="5" relation="include">
        </childnode>
      </node>
      <node id="2">
        <label>stdio.h</label>
      </node>
    </incdepgraph>
      <sectiondef kind="func">
      <memberdef kind="function" id="main_8c_1ae66f6b31b5ad750f1fe042a706a4e3d4" prot="public" static="no" const="no" explicit="no" inline="no" virt="non-virtual">
        <type>int</type>
        <definition>int main</definition>
        <argsstring>()</argsstring>
        <name>main</name>
        <briefdescription>
        </briefdescription>
        <detaileddescription>
        </detaileddescription>
        <inbodydescription>
        </inbodydescription>
        <location file="Trab de Li 2 ATUAL/main.c" line="5" column="5" bodyfile="Trab de Li 2 ATUAL/main.c" bodystart="5" bodyend="13"/>
      </memberdef>
      </sectiondef>
    <briefdescription>
    </briefdescription>
    <detaileddescription>
    </detaileddescription>
    <programlisting>
<codeline lineno="1"><highlight class="preprocessor">#include<sp/>&lt;stdio.h&gt;</highlight><highlight class="normal"></highlight></codeline>
<codeline lineno="2"><highlight class="normal"></highlight><highlight class="preprocessor">#include<sp/>&quot;<ref refid="_dados_8h" kindref="compound">Dados.h</ref>&quot;</highlight><highlight class="normal"></highlight></codeline>
<codeline lineno="3"><highlight class="normal"></highlight><highlight class="preprocessor">#include<sp/>&quot;<ref refid="_interface_8h" kindref="compound">Interface.h</ref>&quot;</highlight><highlight class="normal"></highlight></codeline>
<codeline lineno="4"><highlight class="normal"></highlight></codeline>
<codeline lineno="5"><highlight class="normal"></highlight><highlight class="keywordtype">int</highlight><highlight class="normal"><sp/><ref refid="main_8c_1ae66f6b31b5ad750f1fe042a706a4e3d4" kindref="member">main</ref>()<sp/>{</highlight></codeline>
<codeline lineno="6"><highlight class="normal"><sp/><sp/><sp/><sp/><ref refid="struct_e_s_t_a_d_o" kindref="compound">ESTADO</ref><sp/>*e<sp/>=<sp/><ref refid="_dados_8c_1a7e0c7e26fb685d9ab501e19b05e6954f" kindref="member">inicializar_estado</ref>();</highlight></codeline>
<codeline lineno="7"><highlight class="normal"><sp/><sp/><sp/><sp/><ref refid="_interface_8c_1a4525a57d0cd9ed3c9150e19b67e1dad6" kindref="member">mostrar_tabuleiro</ref>(e);</highlight></codeline>
<codeline lineno="8"><highlight class="normal"><sp/><sp/><sp/><sp/></highlight><highlight class="keywordflow">while</highlight><highlight class="normal">(<ref refid="_logica_8c_1a819b689cf358a197b747e52b27ad30f2" kindref="member">vencer</ref>(e)){</highlight></codeline>
<codeline lineno="9"><highlight class="normal"><sp/><sp/><sp/><sp/><sp/><sp/><sp/><sp/><ref refid="_interface_8c_1a24da95ebeede4a540e37790ce8be359b" kindref="member">interpretador</ref>(e);</highlight></codeline>
<codeline lineno="10"><highlight class="normal"><sp/><sp/><sp/><sp/>}</highlight></codeline>
<codeline lineno="11"><highlight class="normal"><sp/><sp/><sp/><sp/>printf(</highlight><highlight class="stringliteral">&quot;\nO<sp/>vencedor<sp/>da<sp/>partida<sp/>e<sp/>o<sp/>Jogador%d&quot;</highlight><highlight class="normal">,<sp/><ref refid="_logica_8c_1a703fcaaa11665ec5eb0ff2a3dc60a420" kindref="member">quem_ganha</ref>(e));</highlight></codeline>
<codeline lineno="12"><highlight class="normal"><sp/><sp/><sp/><sp/></highlight><highlight class="keywordflow">return</highlight><highlight class="normal"><sp/>0;</highlight></codeline>
<codeline lineno="13"><highlight class="normal">}</highlight></codeline>
    </programlisting>
    <location file="Trab de Li 2 ATUAL/main.c"/>
  </compounddef>
</doxygen>
