<?xml version='1.0' encoding='UTF-8' standalone='no'?>
<doxygen xmlns:xsi="http://www.w3.org/2001/XMLSchema-instance" xsi:noNamespaceSchemaLocation="compound.xsd" version="1.8.17">
  <compounddef id="structnodo" kind="struct" language="C++" prot="public">
    <compoundname>nodo</compoundname>
    <includes refid="_listas_8h" local="no">Listas.h</includes>
      <sectiondef kind="public-attrib">
      <memberdef kind="variable" id="structnodo_1ac78f1a082a695595f0d3ed32cead97f4" prot="public" static="no" mutable="no">
        <type>void *</type>
        <definition>void* valor</definition>
        <argsstring></argsstring>
        <name>valor</name>
        <briefdescription>
        </briefdescription>
        <detaileddescription>
        </detaileddescription>
        <inbodydescription>
        </inbodydescription>
        <location file="Trab de Li 2 ATUAL/Listas.h" line="10" column="10" bodyfile="Trab de Li 2 ATUAL/Listas.h" bodystart="10" bodyend="-1"/>
      </memberdef>
      <memberdef kind="variable" id="structnodo_1a03f1eceb28ca4022ecc73589b6ca39d9" prot="public" static="no" mutable="no">
        <type>struct <ref refid="structnodo" kindref="compound">nodo</ref> *</type>
        <definition>struct nodo* proximo</definition>
        <argsstring></argsstring>
        <name>proximo</name>
        <briefdescription>
        </briefdescription>
        <detaileddescription>
        </detaileddescription>
        <inbodydescription>
        </inbodydescription>
        <location file="Trab de Li 2 ATUAL/Listas.h" line="11" column="15" bodyfile="Trab de Li 2 ATUAL/Listas.h" bodystart="11" bodyend="-1"/>
      </memberdef>
      </sectiondef>
    <briefdescription>
    </briefdescription>
    <detaileddescription>
    </detaileddescription>
    <collaborationgraph>
      <node id="1">
        <label>nodo</label>
        <link refid="structnodo"/>
        <childnode refid="1" relation="usage">
          <edgelabel>proximo</edgelabel>
        </childnode>
      </node>
    </collaborationgraph>
    <location file="Trab de Li 2 ATUAL/Listas.h" line="9" column="19" bodyfile="Trab de Li 2 ATUAL/Listas.h" bodystart="9" bodyend="12"/>
    <listofallmembers>
      <member refid="structnodo_1a03f1eceb28ca4022ecc73589b6ca39d9" prot="public" virt="non-virtual"><scope>nodo</scope><name>proximo</name></member>
      <member refid="structnodo_1ac78f1a082a695595f0d3ed32cead97f4" prot="public" virt="non-virtual"><scope>nodo</scope><name>valor</name></member>
    </listofallmembers>
  </compounddef>
</doxygen>
