<?xml version='1.0' encoding='UTF-8' standalone='no'?>
<doxygen xmlns:xsi="http://www.w3.org/2001/XMLSchema-instance" xsi:noNamespaceSchemaLocation="compound.xsd" version="1.8.17">
  <compounddef id="struct_c_o_o_r_d_e_n_a_d_a" kind="struct" language="C++" prot="public">
    <compoundname>COORDENADA</compoundname>
    <includes refid="_dados_8h" local="no">Dados.h</includes>
      <sectiondef kind="public-attrib">
      <memberdef kind="variable" id="struct_c_o_o_r_d_e_n_a_d_a_1a4a2f44649af1dfbf8d13141d5a336455" prot="public" static="no" mutable="no">
        <type>int</type>
        <definition>int coluna</definition>
        <argsstring></argsstring>
        <name>coluna</name>
        <briefdescription>
        </briefdescription>
        <detaileddescription>
        </detaileddescription>
        <inbodydescription>
        </inbodydescription>
        <location file="Trab de Li 2 ATUAL/Dados.h" line="17" column="9" bodyfile="Trab de Li 2 ATUAL/Dados.h" bodystart="17" bodyend="-1"/>
      </memberdef>
      <memberdef kind="variable" id="struct_c_o_o_r_d_e_n_a_d_a_1af20d02e678ba0aeaf8727d747151baf0" prot="public" static="no" mutable="no">
        <type>int</type>
        <definition>int linha</definition>
        <argsstring></argsstring>
        <name>linha</name>
        <briefdescription>
        </briefdescription>
        <detaileddescription>
        </detaileddescription>
        <inbodydescription>
        </inbodydescription>
        <location file="Trab de Li 2 ATUAL/Dados.h" line="18" column="9" bodyfile="Trab de Li 2 ATUAL/Dados.h" bodystart="18" bodyend="-1"/>
      </memberdef>
      </sectiondef>
    <briefdescription>
<para>Este tipo <ref refid="struct_c_o_o_r_d_e_n_a_d_a" kindref="compound">COORDENADA</ref> é indicador de uma posição no tabuleiro. </para>
    </briefdescription>
    <detaileddescription>
    </detaileddescription>
    <location file="Trab de Li 2 ATUAL/Dados.h" line="16" column="15" bodyfile="Trab de Li 2 ATUAL/Dados.h" bodystart="16" bodyend="19"/>
    <listofallmembers>
      <member refid="struct_c_o_o_r_d_e_n_a_d_a_1a4a2f44649af1dfbf8d13141d5a336455" prot="public" virt="non-virtual"><scope>COORDENADA</scope><name>coluna</name></member>
      <member refid="struct_c_o_o_r_d_e_n_a_d_a_1af20d02e678ba0aeaf8727d747151baf0" prot="public" virt="non-virtual"><scope>COORDENADA</scope><name>linha</name></member>
    </listofallmembers>
  </compounddef>
</doxygen>
