<?xml version='1.0' encoding='UTF-8' standalone='no'?>
<doxygen xmlns:xsi="http://www.w3.org/2001/XMLSchema-instance" xsi:noNamespaceSchemaLocation="compound.xsd" version="1.8.17">
  <compounddef id="struct_j_o_g_a_d_a" kind="struct" language="C++" prot="public">
    <compoundname>JOGADA</compoundname>
    <includes refid="_dados_8h" local="no">Dados.h</includes>
      <sectiondef kind="public-attrib">
      <memberdef kind="variable" id="struct_j_o_g_a_d_a_1aad7d21d5a8e288caf7e90f717066aa09" prot="public" static="no" mutable="no">
        <type><ref refid="struct_c_o_o_r_d_e_n_a_d_a" kindref="compound">COORDENADA</ref></type>
        <definition>COORDENADA jogador1</definition>
        <argsstring></argsstring>
        <name>jogador1</name>
        <briefdescription>
        </briefdescription>
        <detaileddescription>
        </detaileddescription>
        <inbodydescription>
        </inbodydescription>
        <location file="Trab de Li 2 ATUAL/Dados.h" line="24" column="16" bodyfile="Trab de Li 2 ATUAL/Dados.h" bodystart="24" bodyend="-1"/>
      </memberdef>
      <memberdef kind="variable" id="struct_j_o_g_a_d_a_1a3dc122c89c610e66c84c57e574e2fdc0" prot="public" static="no" mutable="no">
        <type><ref refid="struct_c_o_o_r_d_e_n_a_d_a" kindref="compound">COORDENADA</ref></type>
        <definition>COORDENADA jogador2</definition>
        <argsstring></argsstring>
        <name>jogador2</name>
        <briefdescription>
        </briefdescription>
        <detaileddescription>
        </detaileddescription>
        <inbodydescription>
        </inbodydescription>
        <location file="Trab de Li 2 ATUAL/Dados.h" line="25" column="16" bodyfile="Trab de Li 2 ATUAL/Dados.h" bodystart="25" bodyend="-1"/>
      </memberdef>
      </sectiondef>
    <briefdescription>
<para>Este tipo <ref refid="struct_j_o_g_a_d_a" kindref="compound">JOGADA</ref> indica um par de movimentos, realizados por ambos os jogadores. </para>
    </briefdescription>
    <detaileddescription>
    </detaileddescription>
    <collaborationgraph>
      <node id="1">
        <label>JOGADA</label>
        <link refid="struct_j_o_g_a_d_a"/>
        <childnode refid="2" relation="usage">
          <edgelabel>jogador1</edgelabel>
          <edgelabel>jogador2</edgelabel>
        </childnode>
      </node>
      <node id="2">
        <label>COORDENADA</label>
        <link refid="struct_c_o_o_r_d_e_n_a_d_a"/>
      </node>
    </collaborationgraph>
    <location file="Trab de Li 2 ATUAL/Dados.h" line="23" column="15" bodyfile="Trab de Li 2 ATUAL/Dados.h" bodystart="23" bodyend="26"/>
    <listofallmembers>
      <member refid="struct_j_o_g_a_d_a_1aad7d21d5a8e288caf7e90f717066aa09" prot="public" virt="non-virtual"><scope>JOGADA</scope><name>jogador1</name></member>
      <member refid="struct_j_o_g_a_d_a_1a3dc122c89c610e66c84c57e574e2fdc0" prot="public" virt="non-virtual"><scope>JOGADA</scope><name>jogador2</name></member>
    </listofallmembers>
  </compounddef>
</doxygen>
